ISO-10303-21;
HEADER;
FILE_DESCRIPTION(('Open CASCADE Model'),'2;1');
FILE_NAME('Open CASCADE Shape Model','2026-05-13T07:24:17',('Author'),(
    'Open CASCADE'),'Open CASCADE STEP processor 7.8','Open CASCADE 7.8'
  ,'Unknown');
FILE_SCHEMA(('AUTOMOTIVE_DESIGN { 1 0 10303 214 1 1 1 1 }'));
ENDSEC;
DATA;
#1 = APPLICATION_PROTOCOL_DEFINITION('international standard',
  'automotive_design',2000,#2);
#2 = APPLICATION_CONTEXT(
  'core data for automotive mechanical design processes');
#3 = SHAPE_DEFINITION_REPRESENTATION(#4,#10);
#4 = PRODUCT_DEFINITION_SHAPE('','',#5);
#5 = PRODUCT_DEFINITION('design','',#6,#9);
#6 = PRODUCT_DEFINITION_FORMATION('','',#7);
#7 = PRODUCT('Open CASCADE STEP translator 7.8 1',
  'Open CASCADE STEP translator 7.8 1','',(#8));
#8 = PRODUCT_CONTEXT('',#2,'mechanical');
#9 = PRODUCT_DEFINITION_CONTEXT('part definition',#2,'design');
#10 = ADVANCED_BREP_SHAPE_REPRESENTATION('',(#11,#15),#1407);
#11 = AXIS2_PLACEMENT_3D('',#12,#13,#14);
#12 = CARTESIAN_POINT('',(0.,0.,0.));
#13 = DIRECTION('',(0.,0.,1.));
#14 = DIRECTION('',(1.,0.,-0.));
#15 = MANIFOLD_SOLID_BREP('',#16);
#16 = CLOSED_SHELL('',(#17,#1399,#1403));
#17 = ADVANCED_FACE('',(#18),#190,.F.);
#18 = FACE_BOUND('',#19,.F.);
#19 = EDGE_LOOP('',(#20,#1330,#1364,#1365));
#20 = ORIENTED_EDGE('',*,*,#21,.T.);
#21 = EDGE_CURVE('',#22,#24,#26,.T.);
#22 = VERTEX_POINT('',#23);
#23 = CARTESIAN_POINT('',(11.9,-7.327471962526E-15,1.42108547152E-14));
#24 = VERTEX_POINT('',#25);
#25 = CARTESIAN_POINT('',(-11.9,5.030921002014E-08,93.500000454294));
#26 = SEAM_CURVE('',#27,(#189,#1323),.PCURVE_S1.);
#27 = ( BOUNDED_CURVE() B_SPLINE_CURVE(10,(#28,#29,#30,#31,#32,#33,#34,
    #35,#36,#37,#38,#39,#40,#41,#42,#43,#44,#45,#46,#47,#48,#49,#50,#51,
    #52,#53,#54,#55,#56,#57,#58,#59,#60,#61,#62,#63,#64,#65,#66,#67,#68,
    #69,#70,#71,#72,#73,#74,#75,#76,#77,#78,#79,#80,#81,#82,#83,#84,#85,
    #86,#87,#88,#89,#90,#91,#92,#93,#94,#95,#96,#97,#98,#99,#100,#101,
    #102,#103,#104,#105,#106,#107,#108,#109,#110,#111,#112,#113,#114,
    #115,#116,#117,#118,#119,#120,#121,#122,#123,#124,#125,#126,#127,
    #128,#129,#130,#131,#132,#133,#134,#135,#136,#137,#138,#139,#140,
    #141,#142,#143,#144,#145,#146,#147,#148,#149,#150,#151,#152,#153,
    #154,#155,#156,#157,#158,#159,#160,#161,#162,#163,#164,#165,#166,
    #167,#168,#169,#170,#171,#172,#173,#174,#175,#176,#177,#178,#179,
    #180,#181,#182,#183,#184,#185,#186,#187,#188),.UNSPECIFIED.,.F.,.F.)
 B_SPLINE_CURVE_WITH_KNOTS((11,10,10,10,10,10,10,10,10,10,10,10,10,10,10
    ,10,11),(0.,7.631849574798,15.263699149596,22.895548724395,
    30.527398299193,38.159247873991,45.791097448789,53.422947023587,
    61.054796598385,68.686646173184,76.318495747982,83.95034532278,
    91.582194897578,99.214044472376,106.84589404717,114.47774362197,
122.10959319677),.PIECEWISE_BEZIER_KNOTS.) CURVE() 
GEOMETRIC_REPRESENTATION_ITEM() RATIONAL_B_SPLINE_CURVE((1.669078461068,
    1.669078461068,1.669078461068,1.669078461069,1.669078461068,
    1.669078461069,1.669078461068,1.669078461068,1.669078461068,
    1.669078461068,1.669078461068,1.669078461068,1.669078461068,
    1.669078461069,1.669078461067,1.669078461069,1.669078461068,
    1.669078461069,1.669078461068,1.669078461068,1.669078461068,
    1.669078461068,1.669078461068,1.669078461069,1.669078461067,
    1.669078461069,1.669078461067,1.669078461069,1.669078461068,
    1.669078461068,1.669078461068,1.669078461068,1.669078461069,
    1.669078461068,1.669078461069,1.669078461067,1.669078461069,
    1.669078461068,1.669078461068,1.669078461068,1.669078461068,
    1.669078461068,1.669078461068,1.669078461069,1.669078461067,
    1.669078461069,1.669078461067,1.669078461069,1.669078461068,
    1.669078461068,1.669078461068,1.669078461068,1.669078461068,
    1.669078461068,1.669078461068,1.669078461068,1.669078461068,
    1.669078461068,1.669078461068,1.669078461068,1.669078461068,
    1.669078461068,1.669078461068,1.669078461068,1.669078461068,
    1.669078461068,1.669078461068,1.669078461068,1.669078461068,
    1.669078461068,1.669078461068,1.669078461068,1.669078461068,
    1.669078461068,1.669078461068,1.669078461068,1.669078461068,
    1.669078461068,1.669078461068,1.669078461068,1.669078461068,
    1.669078461068,1.669078461068,1.669078461068,1.669078461068,
    1.669078461068,1.669078461068,1.669078461068,1.669078461068,
    1.669078461068,1.669078461068,1.669078461068,1.669078461068,
    1.669078461068,1.669078461068,1.669078461069,1.669078461068,
    1.669078461068,1.669078461068,1.669078461068,1.669078461068,
    1.669078461068,1.669078461068,1.669078461068,1.669078461068,
    1.669078461068,1.669078461068,1.669078461068,1.669078461068,
    1.669078461068,1.669078461068,1.669078461068,1.669078461068,
    1.669078461068,1.669078461068,1.669078461068,1.669078461068,
    1.669078461068,1.669078461068,1.669078461068,1.669078461068,
    1.669078461068,1.669078461068,1.669078461068,1.669078461069,
    1.669078461068,1.669078461069,1.669078461068,1.669078461068,
    1.669078461068,1.669078461068,1.669078461068,1.669078461068,
    1.669078461068,1.669078461068,1.669078461068,1.669078461068,
    1.669078461068,1.669078461068,1.669078461068,1.669078461068,
    1.669078461068,1.669078461068,1.669078461068,1.669078461068,
    1.669078461069,1.669078461068,1.669078461068,1.669078461068,
    1.669078461068,1.669078461068,1.669078461068,1.669078461068,
    1.669078461068,1.669078461068,1.669078461068,1.669078461068,
    1.669078461068,1.669078461068,1.669078461068,1.669078461068)) 
REPRESENTATION_ITEM('') );
#28 = CARTESIAN_POINT('',(11.9,-7.327471962526E-15,1.42108547152E-14));
#29 = CARTESIAN_POINT('',(11.899999995066,5.841399619163,0.584377570557)
  );
#30 = CARTESIAN_POINT('',(8.714339583676,11.683092698717,1.168742760171)
  );
#31 = CARTESIAN_POINT('',(2.339948959365,15.567562164565,1.753137831024)
  );
#32 = CARTESIAN_POINT('',(-5.837972492264,15.551163488372,2.337489120578
    ));
#33 = CARTESIAN_POINT('',(-13.12290083814,10.769686281814,2.92187664156)
  );
#34 = CARTESIAN_POINT('',(-16.39128398025,2.691916206575,3.506258684049)
  );
#35 = CARTESIAN_POINT('',(-14.81193463035,-5.332068241012,4.090614793033
    ));
#36 = CARTESIAN_POINT('',(-9.758521933047,-10.82615421703,4.67500615814)
  );
#37 = CARTESIAN_POINT('',(-3.40758408175,-12.81094537424,5.2593738056));
#38 = CARTESIAN_POINT('',(2.321574831992,-11.67134483679,5.843749999999)
  );
#39 = CARTESIAN_POINT('',(8.050733594455,-10.53174429923,6.428127570559)
  );
#40 = CARTESIAN_POINT('',(13.15868866403,-6.26763767537,7.012492760165)
  );
#41 = CARTESIAN_POINT('',(15.724937218741,0.742093219456,7.59688783103)
  );
#42 = CARTESIAN_POINT('',(14.113420309118,8.759678980477,8.181239120574)
  );
#43 = CARTESIAN_POINT('',(8.00259882945,14.971809542978,8.765626641559)
  );
#44 = CARTESIAN_POINT('',(-0.557589078467,16.601496854324,9.350008684058
    ));
#45 = CARTESIAN_POINT('',(-8.119279141614,13.487092549596,9.934364793021
    ));
#46 = CARTESIAN_POINT('',(-12.52192588576,7.458936758026,10.518756158152
    ));
#47 = CARTESIAN_POINT('',(-13.22957332691,0.842816850724,11.103123805591
    ));
#48 = CARTESIAN_POINT('',(-10.99416643688,-4.553932845145,
    11.687500000004));
#49 = CARTESIAN_POINT('',(-8.758759576247,-9.950682392619,
    12.271877570544));
#50 = CARTESIAN_POINT('',(-3.580073966133,-14.12860360345,
    12.856242760194));
#51 = CARTESIAN_POINT('',(3.795617172028,-15.27801175426,13.440637830992
    ));
#52 = CARTESIAN_POINT('',(11.34475591795,-12.13330630224,14.024989120608
    ));
#53 = CARTESIAN_POINT('',(16.245360003369,-4.927975992026,
    14.609376641543));
#54 = CARTESIAN_POINT('',(16.173723514503,3.785666527967,15.19375868405)
  );
#55 = CARTESIAN_POINT('',(11.643949065807,10.594470698119,
    15.778114793044));
#56 = CARTESIAN_POINT('',(4.872708826413,13.736486965088,16.362506158124
    ));
#57 = CARTESIAN_POINT('',(-1.754339359217,13.13979619586,16.946873805615
    ));
#58 = CARTESIAN_POINT('',(-6.611285772934,9.8944883864,17.531249999989)
  );
#59 = CARTESIAN_POINT('',(-11.46823204683,6.649180634722,18.11562757059)
  );
#60 = CARTESIAN_POINT('',(-14.55556422982,0.75493002209,18.699992760104)
  );
#61 = CARTESIAN_POINT('',(-14.24396086604,-6.703277685262,
    19.284387831121));
#62 = CARTESIAN_POINT('',(-9.686916138689,-13.49386024772,
    19.868739120466));
#63 = CARTESIAN_POINT('',(-1.663973800766,-16.89461038933,
    20.453126641667));
#64 = CARTESIAN_POINT('',(6.868262935724,-15.12440305034,21.037508683961
    ));
#65 = CARTESIAN_POINT('',(12.662522687208,-9.353335149426,
    21.621864793095));
#66 = CARTESIAN_POINT('',(14.423162553828,-2.099225427246,
    22.206256158106));
#67 = CARTESIAN_POINT('',(12.545064065886,4.284077291428,22.790623805612
    ));
#68 = CARTESIAN_POINT('',(8.41457069612,8.41457069612,23.374999999999));
#69 = CARTESIAN_POINT('',(4.284077410301,12.54506397496,23.959377570566)
  );
#70 = CARTESIAN_POINT('',(-2.099225459315,14.423162685677,
    24.543742760142));
#71 = CARTESIAN_POINT('',(-9.353334996306,12.662522549895,
    25.128137831081));
#72 = CARTESIAN_POINT('',(-15.12440309563,6.868263220324,25.712489120492
    ));
#73 = CARTESIAN_POINT('',(-16.8946103726,-1.663973970384,26.296876641664
    ));
#74 = CARTESIAN_POINT('',(-13.49386025885,-9.686915850722,
    26.881258683948));
#75 = CARTESIAN_POINT('',(-6.703277808645,-14.24396103059,
    27.465614793113));
#76 = CARTESIAN_POINT('',(0.754930027825,-14.55556409424,28.050006158089
    ));
#77 = CARTESIAN_POINT('',(6.649180535869,-11.46823215921,28.634373805624
    ));
#78 = CARTESIAN_POINT('',(9.894488386401,-6.611285772932,29.218749999992
    ));
#79 = CARTESIAN_POINT('',(13.139796129872,-1.754339493546,
    29.803127570584));
#80 = CARTESIAN_POINT('',(13.736487088142,4.872708883588,30.387492760112
    ));
#81 = CARTESIAN_POINT('',(10.594470593337,11.643948888854,
    30.971887831115));
#82 = CARTESIAN_POINT('',(3.785666798225,16.173723614416,31.55623912046)
  );
#83 = CARTESIAN_POINT('',(-4.927976155077,16.245359953911,
    32.140626641697));
#84 = CARTESIAN_POINT('',(-12.13330602202,11.344755985021,
    32.725008683909));
#85 = CARTESIAN_POINT('',(-15.2780119397,3.795617260942,33.309364793156)
  );
#86 = CARTESIAN_POINT('',(-14.12860346937,-3.580073945304,
    33.893756158053));
#87 = CARTESIAN_POINT('',(-9.950682522115,-8.758759501218,
    34.478123805649));
#88 = CARTESIAN_POINT('',(-4.553932845143,-10.99416643688,
    35.062499999978));
#89 = CARTESIAN_POINT('',(0.842816706098,-13.22957328839,35.646877570629
    ));
#90 = CARTESIAN_POINT('',(7.458936838122,-12.5219259953,36.231242760019)
  );
#91 = CARTESIAN_POINT('',(13.487092355572,-8.119279073344,
    36.815637831258));
#92 = CARTESIAN_POINT('',(16.601497005088,-0.557589324082,
    37.399989120291));
#93 = CARTESIAN_POINT('',(14.971809462608,8.002598979774,37.984376641847
    ));
#94 = CARTESIAN_POINT('',(8.75967910097,14.113420047315,38.568758683811)
  );
#95 = CARTESIAN_POINT('',(0.742093270462,15.724937417989,39.153114793192
    ));
#96 = CARTESIAN_POINT('',(-6.267637628775,13.158688536579,
    39.737506158063));
#97 = CARTESIAN_POINT('',(-10.5317442509,8.050733736102,40.321873805618)
  );
#98 = CARTESIAN_POINT('',(-11.67134483679,2.321574831992,40.906250000008
    ));
#99 = CARTESIAN_POINT('',(-12.81094536468,-3.407583932398,
    41.490627570545));
#100 = CARTESIAN_POINT('',(-10.82615430884,-9.758522032951,
    42.074992760183));
#101 = CARTESIAN_POINT('',(-5.33206821192,-14.81193442678,
    42.659387831019));
#102 = CARTESIAN_POINT('',(2.69191599512,-16.39128417596,43.243739120563
    ));
#103 = CARTESIAN_POINT('',(10.769686413528,-13.12290073008,
    43.828126641601));
#104 = CARTESIAN_POINT('',(15.551163255151,-5.837972661435,
    44.412508683989));
#105 = CARTESIAN_POINT('',(15.567562369903,2.33994894816,44.996864793097
    ));
#106 = CARTESIAN_POINT('',(11.68309258282,8.714339513132,45.581256158086
    ));
#107 = CARTESIAN_POINT('',(5.841399767512,11.899999975303,
    46.165623805637));
#108 = CARTESIAN_POINT('',(-1.976923832969E-12,11.9,46.74999999998));
#109 = CARTESIAN_POINT('',(-5.841399619152,11.899999995065,
    47.334377570616));
#110 = CARTESIAN_POINT('',(-11.68309269874,8.714339583685,47.91874276006
    ));
#111 = CARTESIAN_POINT('',(-15.56756216451,2.339948959339,
    48.503137831169));
#112 = CARTESIAN_POINT('',(-15.55116348843,-5.837972492219,
    49.087489120432));
#113 = CARTESIAN_POINT('',(-10.76968628175,-13.12290083819,
    49.671876641681));
#114 = CARTESIAN_POINT('',(-2.691916206617,-16.39128398022,
    50.256258683965));
#115 = CARTESIAN_POINT('',(5.332068241034,-14.81193463037,50.84061479308
    ));
#116 = CARTESIAN_POINT('',(10.82615421703,-9.758521933041,
    51.425006158127));
#117 = CARTESIAN_POINT('',(12.810945374246,-3.407584081751,
    52.009373805592));
#118 = CARTESIAN_POINT('',(11.671344836799,2.321574831991,
    52.593750000013));
#119 = CARTESIAN_POINT('',(10.53174429923,8.050733594459,53.178127570521
    ));
#120 = CARTESIAN_POINT('',(6.267637675373,13.15868866402,53.762492760242
    ));
#121 = CARTESIAN_POINT('',(-0.742093219462,15.724937218763,
    54.346887830912));
#122 = CARTESIAN_POINT('',(-8.759678980469,14.113420309081,
    54.931239120722));
#123 = CARTESIAN_POINT('',(-14.97180954298,8.002598829497,
    55.515626641403));
#124 = CARTESIAN_POINT('',(-16.60149685432,-0.557589078511,
    56.100008684196));
#125 = CARTESIAN_POINT('',(-13.48709254958,-8.119279141584,
    56.684364792917));
#126 = CARTESIAN_POINT('',(-7.458936758033,-12.52192588577,
    57.268756158214));
#127 = CARTESIAN_POINT('',(-0.842816850721,-13.22957332691,
    57.853123805566));
#128 = CARTESIAN_POINT('',(4.553932845144,-10.99416643688,58.43750000001
    ));
#129 = CARTESIAN_POINT('',(9.950682395418,-8.758759580431,
    59.021877525089));
#130 = CARTESIAN_POINT('',(14.128603591461,-3.580073948196,
    59.606242954999));
#131 = CARTESIAN_POINT('',(15.278011785232,3.795617125703,
    60.190637327931));
#132 = CARTESIAN_POINT('',(12.133306243625,11.344756005667,
    60.774990073154));
#133 = CARTESIAN_POINT('',(4.927976079063,16.245359873112,61.35937522702
    ));
#134 = CARTESIAN_POINT('',(-3.785666632398,16.173723670805,
    61.943760381441));
#135 = CARTESIAN_POINT('',(-10.59447059557,11.643948912322,
    62.528113126203));
#136 = CARTESIAN_POINT('',(-13.73648704761,4.872708949922,
    63.112507499446));
#137 = CARTESIAN_POINT('',(-13.13979614194,-1.754339439916,
    63.696872929193));
#138 = CARTESIAN_POINT('',(-9.894488414353,-6.611285731099,
    64.281250454333));
#139 = CARTESIAN_POINT('',(-6.649180580799,-11.46823212753,
    64.865626694158));
#140 = CARTESIAN_POINT('',(-0.75493010462,-14.5555641063,65.449994101435
    ));
#141 = CARTESIAN_POINT('',(6.703277787823,-14.24396101954,
    66.034386164307));
#142 = CARTESIAN_POINT('',(13.493860143285,-9.68691598236,
    66.618740817764));
#143 = CARTESIAN_POINT('',(16.894610476367,-1.663973931052,67.2031252273
    ));
#144 = CARTESIAN_POINT('',(15.12440299173,6.868263023462,67.787509636322
    ));
#145 = CARTESIAN_POINT('',(9.353335180383,12.662522640876,
    68.371864290207));
#146 = CARTESIAN_POINT('',(2.099225415257,14.423162571765,
    68.956256352779));
#147 = CARTESIAN_POINT('',(-4.284077288629,12.545064061705,
    69.540623760237));
#148 = CARTESIAN_POINT('',(-8.414570696122,8.414570696118,
    70.124999999967));
#149 = CARTESIAN_POINT('',(-12.54506397495,4.28407741031,70.709377570659
    ));
#150 = CARTESIAN_POINT('',(-14.4231626857,-2.099225459332,
    71.293742759965));
#151 = CARTESIAN_POINT('',(-12.66252254984,-9.35333499629,
    71.878137831325));
#152 = CARTESIAN_POINT('',(-6.868263220401,-15.12440309564,
    72.462489120233));
#153 = CARTESIAN_POINT('',(1.663973970468,-16.8946103726,73.046876641881
    ));
#154 = CARTESIAN_POINT('',(9.686915850656,-13.49386025885,
    73.631258683803));
#155 = CARTESIAN_POINT('',(14.243961030632,-6.703277808642,
    74.215614793182));
#156 = CARTESIAN_POINT('',(14.555564094236,0.754930027821,
    74.800006158081));
#157 = CARTESIAN_POINT('',(11.468232159211,6.649180535871,75.3843738056)
  );
#158 = CARTESIAN_POINT('',(6.611285772935,9.894488386399,75.96875000002)
  );
#159 = CARTESIAN_POINT('',(1.754339493538,13.139796129879,
    76.553127570504));
#160 = CARTESIAN_POINT('',(-4.872708883574,13.73648708812,
    77.137492760266));
#161 = CARTESIAN_POINT('',(-11.64394888886,10.59447059338,
    77.721887830888));
#162 = CARTESIAN_POINT('',(-16.17372361441,3.785666798164,
    78.306239120733));
#163 = CARTESIAN_POINT('',(-16.2453599539,-4.927976155015,
    78.890626641416));
#164 = CARTESIAN_POINT('',(-11.34475598503,-12.13330602207,
    79.475008684155));
#165 = CARTESIAN_POINT('',(-3.795617260931,-15.27801193967,
    80.059364792974));
#166 = CARTESIAN_POINT('',(3.580073945298,-14.12860346938,
    80.643756158161));
#167 = CARTESIAN_POINT('',(8.75875950122,-9.950682522111,81.228123805598
    ));
#168 = CARTESIAN_POINT('',(10.994166436885,-4.553932845144,
    81.812499999996));
#169 = CARTESIAN_POINT('',(13.229573288402,0.842816706105,
    82.396877570571));
#170 = CARTESIAN_POINT('',(12.5219259953,7.458936838105,82.981242760133)
  );
#171 = CARTESIAN_POINT('',(8.119279073363,13.487092355603,
    83.565637831096));
#172 = CARTESIAN_POINT('',(0.557589324046,16.601497005043,
    84.149989120469));
#173 = CARTESIAN_POINT('',(-8.002598979725,14.971809462659,
    84.734376641697));
#174 = CARTESIAN_POINT('',(-14.11342004736,8.759679100926,85.3187586839)
  );
#175 = CARTESIAN_POINT('',(-15.72493741796,0.74209327049,85.903114793171
    ));
#176 = CARTESIAN_POINT('',(-13.15868853658,-6.267637628787,
    86.487506158034));
#177 = CARTESIAN_POINT('',(-8.050733736103,-10.5317442509,
    87.071873805665));
#178 = CARTESIAN_POINT('',(-2.321574831989,-11.67134483679,
    87.656249999969));
#179 = CARTESIAN_POINT('',(3.407583932385,-12.81094536971,
    88.240627525232));
#180 = CARTESIAN_POINT('',(9.758522032983,-10.82615428729,88.82499295468
    ));
#181 = CARTESIAN_POINT('',(14.81193442673,-5.332068267584,89.40938732846
    ));
#182 = CARTESIAN_POINT('',(16.391284176045,2.691916100525,
    89.993740072463));
#183 = CARTESIAN_POINT('',(13.122900729994,10.769686256987,
    90.578125227755));
#184 = CARTESIAN_POINT('',(5.837972661509,15.551163443021,
    91.162510380791));
#185 = CARTESIAN_POINT('',(-2.339948948205,15.567562185389,
    91.74686312668));
#186 = CARTESIAN_POINT('',(-8.714339513113,11.68309273132,
    92.331257499164));
#187 = CARTESIAN_POINT('',(-11.8999999753,5.841399670471,92.915622929321
    ));
#188 = CARTESIAN_POINT('',(-11.9,5.030921002014E-08,93.500000454294));
#189 = PCURVE('',#190,#1318);
#190 = ( BOUNDED_SURFACE() B_SPLINE_SURFACE(6,10,(
    (#191,#192,#193,#194,#195,#196,#197,#198,#199,#200,#201,#202,#203
      ,#204,#205,#206,#207,#208,#209,#210,#211,#212,#213,#214,#215,#216
      ,#217,#218,#219,#220,#221,#222,#223,#224,#225,#226,#227,#228,#229
      ,#230,#231,#232,#233,#234,#235,#236,#237,#238,#239,#240,#241,#242
      ,#243,#244,#245,#246,#247,#248,#249,#250,#251,#252,#253,#254,#255
      ,#256,#257,#258,#259,#260,#261,#262,#263,#264,#265,#266,#267,#268
      ,#269,#270,#271,#272,#273,#274,#275,#276,#277,#278,#279,#280,#281
      ,#282,#283,#284,#285,#286,#287,#288,#289,#290,#291,#292,#293,#294
      ,#295,#296,#297,#298,#299,#300,#301,#302,#303,#304,#305,#306,#307
      ,#308,#309,#310,#311,#312,#313,#314,#315,#316,#317,#318,#319,#320
      ,#321,#322,#323,#324,#325,#326,#327,#328,#329,#330,#331,#332,#333
      ,#334,#335,#336,#337,#338,#339,#340,#341,#342,#343,#344,#345,#346
      ,#347,#348,#349,#350,#351)
    ,(#352,#353,#354,#355,#356,#357,#358,#359,#360,#361,#362,#363,#364
      ,#365,#366,#367,#368,#369,#370,#371,#372,#373,#374,#375,#376,#377
      ,#378,#379,#380,#381,#382,#383,#384,#385,#386,#387,#388,#389,#390
      ,#391,#392,#393,#394,#395,#396,#397,#398,#399,#400,#401,#402,#403
      ,#404,#405,#406,#407,#408,#409,#410,#411,#412,#413,#414,#415,#416
      ,#417,#418,#419,#420,#421,#422,#423,#424,#425,#426,#427,#428,#429
      ,#430,#431,#432,#433,#434,#435,#436,#437,#438,#439,#440,#441,#442
      ,#443,#444,#445,#446,#447,#448,#449,#450,#451,#452,#453,#454,#455
      ,#456,#457,#458,#459,#460,#461,#462,#463,#464,#465,#466,#467,#468
      ,#469,#470,#471,#472,#473,#474,#475,#476,#477,#478,#479,#480,#481
      ,#482,#483,#484,#485,#486,#487,#488,#489,#490,#491,#492,#493,#494
      ,#495,#496,#497,#498,#499,#500,#501,#502,#503,#504,#505,#506,#507
      ,#508,#509,#510,#511,#512)
    ,(#513,#514,#515,#516,#517,#518,#519,#520,#521,#522,#523,#524,#525
      ,#526,#527,#528,#529,#530,#531,#532,#533,#534,#535,#536,#537,#538
      ,#539,#540,#541,#542,#543,#544,#545,#546,#547,#548,#549,#550,#551
      ,#552,#553,#554,#555,#556,#557,#558,#559,#560,#561,#562,#563,#564
      ,#565,#566,#567,#568,#569,#570,#571,#572,#573,#574,#575,#576,#577
      ,#578,#579,#580,#581,#582,#583,#584,#585,#586,#587,#588,#589,#590
      ,#591,#592,#593,#594,#595,#596,#597,#598,#599,#600,#601,#602,#603
      ,#604,#605,#606,#607,#608,#609,#610,#611,#612,#613,#614,#615,#616
      ,#617,#618,#619,#620,#621,#622,#623,#624,#625,#626,#627,#628,#629
      ,#630,#631,#632,#633,#634,#635,#636,#637,#638,#639,#640,#641,#642
      ,#643,#644,#645,#646,#647,#648,#649,#650,#651,#652,#653,#654,#655
      ,#656,#657,#658,#659,#660,#661,#662,#663,#664,#665,#666,#667,#668
      ,#669,#670,#671,#672,#673)
    ,(#674,#675,#676,#677,#678,#679,#680,#681,#682,#683,#684,#685,#686
      ,#687,#688,#689,#690,#691,#692,#693,#694,#695,#696,#697,#698,#699
      ,#700,#701,#702,#703,#704,#705,#706,#707,#708,#709,#710,#711,#712
      ,#713,#714,#715,#716,#717,#718,#719,#720,#721,#722,#723,#724,#725
      ,#726,#727,#728,#729,#730,#731,#732,#733,#734,#735,#736,#737,#738
      ,#739,#740,#741,#742,#743,#744,#745,#746,#747,#748,#749,#750,#751
      ,#752,#753,#754,#755,#756,#757,#758,#759,#760,#761,#762,#763,#764
      ,#765,#766,#767,#768,#769,#770,#771,#772,#773,#774,#775,#776,#777
      ,#778,#779,#780,#781,#782,#783,#784,#785,#786,#787,#788,#789,#790
      ,#791,#792,#793,#794,#795,#796,#797,#798,#799,#800,#801,#802,#803
      ,#804,#805,#806,#807,#808,#809,#810,#811,#812,#813,#814,#815,#816
      ,#817,#818,#819,#820,#821,#822,#823,#824,#825,#826,#827,#828,#829
      ,#830,#831,#832,#833,#834)
    ,(#835,#836,#837,#838,#839,#840,#841,#842,#843,#844,#845,#846,#847
      ,#848,#849,#850,#851,#852,#853,#854,#855,#856,#857,#858,#859,#860
      ,#861,#862,#863,#864,#865,#866,#867,#868,#869,#870,#871,#872,#873
      ,#874,#875,#876,#877,#878,#879,#880,#881,#882,#883,#884,#885,#886
      ,#887,#888,#889,#890,#891,#892,#893,#894,#895,#896,#897,#898,#899
      ,#900,#901,#902,#903,#904,#905,#906,#907,#908,#909,#910,#911,#912
      ,#913,#914,#915,#916,#917,#918,#919,#920,#921,#922,#923,#924,#925
      ,#926,#927,#928,#929,#930,#931,#932,#933,#934,#935,#936,#937,#938
      ,#939,#940,#941,#942,#943,#944,#945,#946,#947,#948,#949,#950,#951
      ,#952,#953,#954,#955,#956,#957,#958,#959,#960,#961,#962,#963,#964
      ,#965,#966,#967,#968,#969,#970,#971,#972,#973,#974,#975,#976,#977
      ,#978,#979,#980,#981,#982,#983,#984,#985,#986,#987,#988,#989,#990
      ,#991,#992,#993,#994,#995)
    ,(#996,#997,#998,#999,#1000,#1001,#1002,#1003,#1004,#1005,#1006
      ,#1007,#1008,#1009,#1010,#1011,#1012,#1013,#1014,#1015,#1016,#1017
      ,#1018,#1019,#1020,#1021,#1022,#1023,#1024,#1025,#1026,#1027,#1028
      ,#1029,#1030,#1031,#1032,#1033,#1034,#1035,#1036,#1037,#1038,#1039
      ,#1040,#1041,#1042,#1043,#1044,#1045,#1046,#1047,#1048,#1049,#1050
      ,#1051,#1052,#1053,#1054,#1055,#1056,#1057,#1058,#1059,#1060,#1061
      ,#1062,#1063,#1064,#1065,#1066,#1067,#1068,#1069,#1070,#1071,#1072
      ,#1073,#1074,#1075,#1076,#1077,#1078,#1079,#1080,#1081,#1082,#1083
      ,#1084,#1085,#1086,#1087,#1088,#1089,#1090,#1091,#1092,#1093,#1094
      ,#1095,#1096,#1097,#1098,#1099,#1100,#1101,#1102,#1103,#1104,#1105
      ,#1106,#1107,#1108,#1109,#1110,#1111,#1112,#1113,#1114,#1115,#1116
      ,#1117,#1118,#1119,#1120,#1121,#1122,#1123,#1124,#1125,#1126,#1127
      ,#1128,#1129,#1130,#1131,#1132,#1133,#1134,#1135,#1136,#1137,#1138
      ,#1139,#1140,#1141,#1142,#1143,#1144,#1145,#1146,#1147,#1148,#1149
      ,#1150,#1151,#1152,#1153,#1154,#1155,#1156)
    ,(#1157,#1158,#1159,#1160,#1161,#1162,#1163,#1164,#1165,#1166,#1167
      ,#1168,#1169,#1170,#1171,#1172,#1173,#1174,#1175,#1176,#1177,#1178
      ,#1179,#1180,#1181,#1182,#1183,#1184,#1185,#1186,#1187,#1188,#1189
      ,#1190,#1191,#1192,#1193,#1194,#1195,#1196,#1197,#1198,#1199,#1200
      ,#1201,#1202,#1203,#1204,#1205,#1206,#1207,#1208,#1209,#1210,#1211
      ,#1212,#1213,#1214,#1215,#1216,#1217,#1218,#1219,#1220,#1221,#1222
      ,#1223,#1224,#1225,#1226,#1227,#1228,#1229,#1230,#1231,#1232,#1233
      ,#1234,#1235,#1236,#1237,#1238,#1239,#1240,#1241,#1242,#1243,#1244
      ,#1245,#1246,#1247,#1248,#1249,#1250,#1251,#1252,#1253,#1254,#1255
      ,#1256,#1257,#1258,#1259,#1260,#1261,#1262,#1263,#1264,#1265,#1266
      ,#1267,#1268,#1269,#1270,#1271,#1272,#1273,#1274,#1275,#1276,#1277
      ,#1278,#1279,#1280,#1281,#1282,#1283,#1284,#1285,#1286,#1287,#1288
      ,#1289,#1290,#1291,#1292,#1293,#1294,#1295,#1296,#1297,#1298,#1299
      ,#1300,#1301,#1302,#1303,#1304,#1305,#1306,#1307,#1308,#1309,#1310
      ,#1311,#1312,#1313,#1314,#1315,#1316,#1317
)),.UNSPECIFIED.,.T.,.F.,.F.) B_SPLINE_SURFACE_WITH_KNOTS((1,6,6,1),(11,
    10,10,10,10,10,10,10,10,10,10,10,10,10,10,10,11),(-6.28318530718,0.,
    6.28318530718,12.566370614359),(0.,7.631849574798,15.263699149596,
    22.895548724395,30.527398299193,38.159247873991,45.791097448789,
    53.422947023587,61.054796598385,68.686646173184,76.318495747982,
    83.95034532278,91.582194897578,99.214044472376,106.84589404717,
    114.47774362197,122.10959319677),.UNSPECIFIED.) 
GEOMETRIC_REPRESENTATION_ITEM() RATIONAL_B_SPLINE_SURFACE((
    (1.669078461068,1.669078461068,1.669078461068,1.669078461069
      ,1.669078461068,1.669078461069,1.669078461068,1.669078461068
      ,1.669078461068,1.669078461068,1.669078461068,1.669078461068
      ,1.669078461068,1.669078461069,1.669078461067,1.669078461069
      ,1.669078461068,1.669078461069,1.669078461068,1.669078461068
      ,1.669078461068,1.669078461068,1.669078461068,1.669078461069
      ,1.669078461067,1.669078461069,1.669078461067,1.669078461069
      ,1.669078461068,1.669078461068,1.669078461068,1.669078461068
      ,1.669078461069,1.669078461068,1.669078461069,1.669078461067
      ,1.669078461069,1.669078461068,1.669078461068,1.669078461068
      ,1.669078461068,1.669078461068,1.669078461068,1.669078461069
      ,1.669078461067,1.669078461069,1.669078461067,1.669078461069
      ,1.669078461068,1.669078461068,1.669078461068,1.669078461068
      ,1.669078461068,1.669078461068,1.669078461068,1.669078461068
      ,1.669078461068,1.669078461068,1.669078461068,1.669078461068
      ,1.669078461068,1.669078461068,1.669078461068,1.669078461068
      ,1.669078461068,1.669078461068,1.669078461068,1.669078461068
      ,1.669078461068,1.669078461068,1.669078461068,1.669078461068
      ,1.669078461068,1.669078461068,1.669078461068,1.669078461068
      ,1.669078461068,1.669078461068,1.669078461068,1.669078461068
      ,1.669078461068,1.669078461068,1.669078461068,1.669078461068
      ,1.669078461068,1.669078461068,1.669078461068,1.669078461068
      ,1.669078461068,1.669078461068,1.669078461068,1.669078461068
      ,1.669078461068,1.669078461068,1.669078461068,1.669078461069
      ,1.669078461068,1.669078461068,1.669078461068,1.669078461068
      ,1.669078461068,1.669078461068,1.669078461068,1.669078461068
      ,1.669078461068,1.669078461068,1.669078461068,1.669078461068
      ,1.669078461068,1.669078461068,1.669078461068,1.669078461068
      ,1.669078461068,1.669078461068,1.669078461068,1.669078461068
      ,1.669078461068,1.669078461068,1.669078461068,1.669078461068
      ,1.669078461068,1.669078461068,1.669078461068,1.669078461068
      ,1.669078461069,1.669078461068,1.669078461069,1.669078461068
      ,1.669078461068,1.669078461068,1.669078461068,1.669078461068
      ,1.669078461068,1.669078461068,1.669078461068,1.669078461068
      ,1.669078461068,1.669078461068,1.669078461068,1.669078461068
      ,1.669078461068,1.669078461068,1.669078461068,1.669078461068
      ,1.669078461068,1.669078461069,1.669078461068,1.669078461068
      ,1.669078461068,1.669078461068,1.669078461068,1.669078461068
      ,1.669078461068,1.669078461068,1.669078461068,1.669078461068
      ,1.669078461068,1.669078461068,1.669078461068,1.669078461068
      ,1.669078461068)
    ,(1.03672962321,1.03672962321,1.036729623209,1.03672962321
      ,1.036729623209,1.03672962321,1.036729623209,1.03672962321
      ,1.03672962321,1.03672962321,1.03672962321,1.03672962321
      ,1.036729623209,1.03672962321,1.036729623209,1.03672962321
      ,1.036729623209,1.03672962321,1.036729623209,1.03672962321
      ,1.03672962321,1.03672962321,1.036729623209,1.03672962321
      ,1.036729623209,1.03672962321,1.036729623209,1.03672962321
      ,1.036729623209,1.03672962321,1.03672962321,1.03672962321
      ,1.03672962321,1.036729623209,1.03672962321,1.036729623209
      ,1.03672962321,1.036729623209,1.03672962321,1.03672962321
      ,1.03672962321,1.03672962321,1.036729623209,1.03672962321
      ,1.036729623209,1.03672962321,1.036729623209,1.03672962321
      ,1.036729623209,1.03672962321,1.03672962321,1.03672962321
      ,1.03672962321,1.03672962321,1.036729623209,1.03672962321
      ,1.03672962321,1.03672962321,1.03672962321,1.03672962321
      ,1.03672962321,1.03672962321,1.03672962321,1.03672962321
      ,1.03672962321,1.03672962321,1.03672962321,1.03672962321
      ,1.03672962321,1.03672962321,1.03672962321,1.03672962321
      ,1.03672962321,1.03672962321,1.036729623209,1.03672962321
      ,1.036729623209,1.03672962321,1.03672962321,1.03672962321
      ,1.03672962321,1.03672962321,1.03672962321,1.03672962321
      ,1.03672962321,1.03672962321,1.03672962321,1.03672962321
      ,1.03672962321,1.03672962321,1.03672962321,1.03672962321
      ,1.03672962321,1.03672962321,1.036729623209,1.03672962321
      ,1.036729623209,1.03672962321,1.03672962321,1.03672962321
      ,1.03672962321,1.03672962321,1.03672962321,1.03672962321
      ,1.036729623209,1.03672962321,1.036729623209,1.03672962321
      ,1.03672962321,1.03672962321,1.03672962321,1.03672962321
      ,1.03672962321,1.03672962321,1.03672962321,1.03672962321
      ,1.03672962321,1.03672962321,1.03672962321,1.03672962321
      ,1.03672962321,1.03672962321,1.03672962321,1.03672962321
      ,1.03672962321,1.03672962321,1.03672962321,1.03672962321
      ,1.03672962321,1.03672962321,1.03672962321,1.03672962321
      ,1.03672962321,1.03672962321,1.036729623209,1.03672962321
      ,1.036729623209,1.03672962321,1.03672962321,1.03672962321
      ,1.03672962321,1.03672962321,1.03672962321,1.03672962321
      ,1.03672962321,1.036729623209,1.03672962321,1.03672962321
      ,1.03672962321,1.03672962321,1.03672962321,1.03672962321
      ,1.03672962321,1.036729623209,1.03672962321,1.036729623209
      ,1.03672962321,1.036729623209,1.03672962321,1.03672962321
      ,1.03672962321)
    ,(1.038346699848,1.038346699848,1.038346699847,1.038346699848
      ,1.038346699847,1.038346699848,1.038346699847,1.038346699848
      ,1.038346699847,1.038346699848,1.038346699848,1.038346699848
      ,1.038346699847,1.038346699848,1.038346699847,1.038346699848
      ,1.038346699847,1.038346699848,1.038346699847,1.038346699848
      ,1.038346699848,1.038346699848,1.038346699847,1.038346699848
      ,1.038346699847,1.038346699848,1.038346699847,1.038346699848
      ,1.038346699847,1.038346699848,1.038346699848,1.038346699847
      ,1.038346699848,1.038346699847,1.038346699848,1.038346699847
      ,1.038346699848,1.038346699847,1.038346699848,1.038346699847
      ,1.038346699848,1.038346699848,1.038346699847,1.038346699848
      ,1.038346699847,1.038346699848,1.038346699847,1.038346699848
      ,1.038346699847,1.038346699848,1.038346699848,1.038346699848
      ,1.038346699847,1.038346699848,1.038346699847,1.038346699848
      ,1.038346699847,1.038346699848,1.038346699847,1.038346699848
      ,1.038346699848,1.038346699848,1.038346699848,1.038346699847
      ,1.038346699848,1.038346699848,1.038346699847,1.038346699848
      ,1.038346699847,1.038346699848,1.038346699848,1.038346699848
      ,1.038346699848,1.038346699847,1.038346699848,1.038346699848
      ,1.038346699847,1.038346699848,1.038346699847,1.038346699848
      ,1.038346699848,1.038346699848,1.038346699847,1.038346699848
      ,1.038346699847,1.038346699848,1.038346699847,1.038346699848
      ,1.038346699847,1.038346699848,1.038346699848,1.038346699848
      ,1.038346699847,1.038346699848,1.038346699847,1.038346699848
      ,1.038346699847,1.038346699848,1.038346699847,1.038346699848
      ,1.038346699848,1.038346699848,1.038346699847,1.038346699848
      ,1.038346699847,1.038346699848,1.038346699847,1.038346699848
      ,1.038346699847,1.038346699848,1.038346699848,1.038346699848
      ,1.038346699848,1.038346699847,1.038346699848,1.038346699848
      ,1.038346699847,1.038346699848,1.038346699847,1.038346699848
      ,1.038346699848,1.038346699847,1.038346699848,1.038346699847
      ,1.038346699848,1.038346699847,1.038346699848,1.038346699847
      ,1.038346699848,1.038346699848,1.038346699848,1.038346699848
      ,1.038346699847,1.038346699848,1.038346699847,1.038346699848
      ,1.038346699847,1.038346699848,1.038346699847,1.038346699848
      ,1.038346699848,1.038346699848,1.038346699847,1.038346699848
      ,1.038346699847,1.038346699848,1.038346699847,1.038346699848
      ,1.038346699847,1.038346699848,1.038346699848,1.038346699848
      ,1.038346699848,1.038346699847,1.038346699848,1.038346699847
      ,1.038346699848,1.038346699847,1.038346699848,1.038346699848
      ,1.038346699848)
    ,(0.853534330196,0.853534330196,0.853534330196,0.853534330196
      ,0.853534330196,0.853534330196,0.853534330196,0.853534330196
      ,0.853534330196,0.853534330196,0.853534330196,0.853534330196
      ,0.853534330196,0.853534330197,0.853534330196,0.853534330197
      ,0.853534330196,0.853534330196,0.853534330196,0.853534330196
      ,0.853534330196,0.853534330196,0.853534330196,0.853534330196
      ,0.853534330196,0.853534330197,0.853534330196,0.853534330196
      ,0.853534330196,0.853534330196,0.853534330196,0.853534330196
      ,0.853534330196,0.853534330196,0.853534330197,0.853534330196
      ,0.853534330197,0.853534330196,0.853534330196,0.853534330196
      ,0.853534330196,0.853534330196,0.853534330196,0.853534330197
      ,0.853534330196,0.853534330197,0.853534330196,0.853534330196
      ,0.853534330196,0.853534330196,0.853534330196,0.853534330196
      ,0.853534330196,0.853534330196,0.853534330196,0.853534330196
      ,0.853534330196,0.853534330196,0.853534330196,0.853534330196
      ,0.853534330196,0.853534330196,0.853534330196,0.853534330196
      ,0.853534330196,0.853534330196,0.853534330196,0.853534330196
      ,0.853534330196,0.853534330196,0.853534330196,0.853534330196
      ,0.853534330196,0.853534330196,0.853534330196,0.853534330196
      ,0.853534330196,0.853534330196,0.853534330196,0.853534330196
      ,0.853534330196,0.853534330196,0.853534330196,0.853534330196
      ,0.853534330196,0.853534330196,0.853534330196,0.853534330196
      ,0.853534330196,0.853534330196,0.853534330196,0.853534330196
      ,0.853534330196,0.853534330196,0.853534330196,0.853534330196
      ,0.853534330196,0.853534330196,0.853534330196,0.853534330196
      ,0.853534330196,0.853534330196,0.853534330196,0.853534330196
      ,0.853534330196,0.853534330196,0.853534330196,0.853534330196
      ,0.853534330196,0.853534330196,0.853534330196,0.853534330196
      ,0.853534330196,0.853534330196,0.853534330196,0.853534330196
      ,0.853534330196,0.853534330196,0.853534330196,0.853534330196
      ,0.853534330196,0.853534330196,0.853534330196,0.853534330196
      ,0.853534330196,0.853534330196,0.853534330196,0.853534330196
      ,0.853534330196,0.853534330196,0.853534330196,0.853534330196
      ,0.853534330196,0.853534330196,0.853534330196,0.853534330196
      ,0.853534330196,0.853534330196,0.853534330196,0.853534330196
      ,0.853534330196,0.853534330196,0.853534330196,0.853534330196
      ,0.853534330196,0.853534330196,0.853534330196,0.853534330196
      ,0.853534330196,0.853534330196,0.853534330196,0.853534330196
      ,0.853534330196,0.853534330196,0.853534330196,0.853534330196
      ,0.853534330196,0.853534330196,0.853534330196,0.853534330196
      ,0.853534330196)
    ,(1.038346699848,1.038346699848,1.038346699847,1.038346699848
      ,1.038346699847,1.038346699848,1.038346699847,1.038346699848
      ,1.038346699847,1.038346699848,1.038346699848,1.038346699848
      ,1.038346699847,1.038346699848,1.038346699847,1.038346699848
      ,1.038346699847,1.038346699848,1.038346699847,1.038346699848
      ,1.038346699848,1.038346699848,1.038346699847,1.038346699848
      ,1.038346699847,1.038346699848,1.038346699847,1.038346699848
      ,1.038346699847,1.038346699848,1.038346699848,1.038346699847
      ,1.038346699848,1.038346699847,1.038346699848,1.038346699847
      ,1.038346699848,1.038346699847,1.038346699848,1.038346699847
      ,1.038346699848,1.038346699848,1.038346699847,1.038346699848
      ,1.038346699847,1.038346699848,1.038346699847,1.038346699848
      ,1.038346699847,1.038346699848,1.038346699848,1.038346699848
      ,1.038346699847,1.038346699848,1.038346699847,1.038346699848
      ,1.038346699847,1.038346699848,1.038346699847,1.038346699848
      ,1.038346699848,1.038346699847,1.038346699848,1.038346699847
      ,1.038346699848,1.038346699847,1.038346699848,1.038346699848
      ,1.038346699847,1.038346699848,1.038346699848,1.038346699848
      ,1.038346699848,1.038346699847,1.038346699848,1.038346699847
      ,1.038346699848,1.038346699847,1.038346699848,1.038346699848
      ,1.038346699848,1.038346699848,1.038346699847,1.038346699848
      ,1.038346699847,1.038346699848,1.038346699847,1.038346699848
      ,1.038346699847,1.038346699848,1.038346699848,1.038346699848
      ,1.038346699847,1.038346699848,1.038346699847,1.038346699848
      ,1.038346699847,1.038346699848,1.038346699847,1.038346699848
      ,1.038346699848,1.038346699848,1.038346699847,1.038346699848
      ,1.038346699847,1.038346699848,1.038346699847,1.038346699848
      ,1.038346699847,1.038346699848,1.038346699848,1.038346699848
      ,1.038346699848,1.038346699847,1.038346699848,1.038346699847
      ,1.038346699847,1.038346699848,1.038346699848,1.038346699848
      ,1.038346699848,1.038346699847,1.038346699848,1.038346699847
      ,1.038346699848,1.038346699847,1.038346699848,1.038346699847
      ,1.038346699848,1.038346699847,1.038346699848,1.038346699848
      ,1.038346699847,1.038346699848,1.038346699847,1.038346699848
      ,1.038346699847,1.038346699848,1.038346699847,1.038346699848
      ,1.038346699848,1.038346699848,1.038346699848,1.038346699847
      ,1.038346699848,1.038346699847,1.038346699848,1.038346699847
      ,1.038346699848,1.038346699848,1.038346699848,1.038346699848
      ,1.038346699848,1.038346699847,1.038346699848,1.038346699847
      ,1.038346699848,1.038346699847,1.038346699848,1.038346699848
      ,1.038346699848)
    ,(1.03672962321,1.03672962321,1.036729623209,1.03672962321
      ,1.036729623209,1.03672962321,1.036729623209,1.03672962321
      ,1.03672962321,1.03672962321,1.03672962321,1.03672962321
      ,1.036729623209,1.03672962321,1.036729623209,1.03672962321
      ,1.036729623209,1.03672962321,1.036729623209,1.03672962321
      ,1.03672962321,1.03672962321,1.036729623209,1.03672962321
      ,1.036729623209,1.03672962321,1.036729623209,1.03672962321
      ,1.03672962321,1.03672962321,1.03672962321,1.03672962321
      ,1.03672962321,1.036729623209,1.03672962321,1.036729623209
      ,1.03672962321,1.036729623209,1.03672962321,1.03672962321
      ,1.03672962321,1.03672962321,1.036729623209,1.03672962321
      ,1.036729623209,1.03672962321,1.036729623209,1.03672962321
      ,1.036729623209,1.03672962321,1.03672962321,1.03672962321
      ,1.03672962321,1.03672962321,1.036729623209,1.03672962321
      ,1.036729623209,1.03672962321,1.03672962321,1.03672962321
      ,1.03672962321,1.03672962321,1.03672962321,1.03672962321
      ,1.03672962321,1.03672962321,1.036729623209,1.03672962321
      ,1.03672962321,1.03672962321,1.03672962321,1.03672962321
      ,1.03672962321,1.03672962321,1.03672962321,1.03672962321
      ,1.03672962321,1.03672962321,1.03672962321,1.03672962321
      ,1.03672962321,1.03672962321,1.03672962321,1.03672962321
      ,1.03672962321,1.03672962321,1.03672962321,1.03672962321
      ,1.03672962321,1.03672962321,1.03672962321,1.03672962321
      ,1.03672962321,1.03672962321,1.036729623209,1.03672962321
      ,1.036729623209,1.03672962321,1.03672962321,1.03672962321
      ,1.03672962321,1.03672962321,1.03672962321,1.03672962321
      ,1.036729623209,1.03672962321,1.036729623209,1.03672962321
      ,1.03672962321,1.03672962321,1.03672962321,1.03672962321
      ,1.03672962321,1.03672962321,1.03672962321,1.03672962321
      ,1.03672962321,1.03672962321,1.03672962321,1.03672962321
      ,1.03672962321,1.03672962321,1.03672962321,1.03672962321
      ,1.03672962321,1.03672962321,1.03672962321,1.03672962321
      ,1.03672962321,1.03672962321,1.03672962321,1.03672962321
      ,1.03672962321,1.03672962321,1.03672962321,1.03672962321
      ,1.03672962321,1.03672962321,1.03672962321,1.03672962321
      ,1.03672962321,1.03672962321,1.03672962321,1.03672962321
      ,1.03672962321,1.036729623209,1.03672962321,1.03672962321
      ,1.03672962321,1.03672962321,1.03672962321,1.03672962321
      ,1.03672962321,1.036729623209,1.03672962321,1.036729623209
      ,1.03672962321,1.03672962321,1.03672962321,1.03672962321
      ,1.03672962321)
    ,(1.669078461068,1.669078461068,1.669078461068,1.669078461069
      ,1.669078461068,1.669078461069,1.669078461068,1.669078461068
      ,1.669078461068,1.669078461068,1.669078461068,1.669078461068
      ,1.669078461068,1.669078461069,1.669078461067,1.669078461069
      ,1.669078461068,1.669078461069,1.669078461068,1.669078461068
      ,1.669078461068,1.669078461068,1.669078461068,1.669078461069
      ,1.669078461067,1.669078461069,1.669078461067,1.669078461069
      ,1.669078461068,1.669078461068,1.669078461068,1.669078461068
      ,1.669078461069,1.669078461068,1.669078461069,1.669078461067
      ,1.669078461069,1.669078461068,1.669078461068,1.669078461068
      ,1.669078461068,1.669078461068,1.669078461068,1.669078461069
      ,1.669078461067,1.669078461069,1.669078461067,1.669078461069
      ,1.669078461068,1.669078461068,1.669078461068,1.669078461068
      ,1.669078461068,1.669078461068,1.669078461068,1.669078461068
      ,1.669078461068,1.669078461068,1.669078461068,1.669078461068
      ,1.669078461068,1.669078461068,1.669078461068,1.669078461068
      ,1.669078461068,1.669078461068,1.669078461068,1.669078461068
      ,1.669078461068,1.669078461068,1.669078461068,1.669078461068
      ,1.669078461068,1.669078461068,1.669078461068,1.669078461068
      ,1.669078461068,1.669078461068,1.669078461068,1.669078461068
      ,1.669078461068,1.669078461068,1.669078461068,1.669078461068
      ,1.669078461068,1.669078461068,1.669078461068,1.669078461068
      ,1.669078461068,1.669078461068,1.669078461068,1.669078461068
      ,1.669078461068,1.669078461068,1.669078461068,1.669078461069
      ,1.669078461068,1.669078461068,1.669078461068,1.669078461068
      ,1.669078461068,1.669078461068,1.669078461068,1.669078461068
      ,1.669078461068,1.669078461068,1.669078461068,1.669078461068
      ,1.669078461068,1.669078461068,1.669078461068,1.669078461068
      ,1.669078461068,1.669078461068,1.669078461068,1.669078461068
      ,1.669078461068,1.669078461068,1.669078461068,1.669078461068
      ,1.669078461068,1.669078461068,1.669078461068,1.669078461068
      ,1.669078461069,1.669078461068,1.669078461069,1.669078461068
      ,1.669078461068,1.669078461068,1.669078461068,1.669078461068
      ,1.669078461068,1.669078461068,1.669078461068,1.669078461068
      ,1.669078461068,1.669078461068,1.669078461068,1.669078461068
      ,1.669078461068,1.669078461068,1.669078461068,1.669078461068
      ,1.669078461068,1.669078461069,1.669078461068,1.669078461068
      ,1.669078461068,1.669078461068,1.669078461068,1.669078461068
      ,1.669078461068,1.669078461068,1.669078461068,1.669078461068
      ,1.669078461068,1.669078461068,1.669078461068,1.669078461068
,1.669078461068))) REPRESENTATION_ITEM('') SURFACE() );
#191 = CARTESIAN_POINT('',(11.9,-7.327471962526E-15,1.42108547152E-14));
#192 = CARTESIAN_POINT('',(11.899999995066,5.841399619163,0.584377570557
    ));
#193 = CARTESIAN_POINT('',(8.714339583676,11.683092698717,1.168742760171
    ));
#194 = CARTESIAN_POINT('',(2.339948959365,15.567562164565,1.753137831024
    ));
#195 = CARTESIAN_POINT('',(-5.837972492264,15.551163488372,
    2.337489120578));
#196 = CARTESIAN_POINT('',(-13.12290083814,10.769686281814,2.92187664156
    ));
#197 = CARTESIAN_POINT('',(-16.39128398025,2.691916206575,3.506258684049
    ));
#198 = CARTESIAN_POINT('',(-14.81193463035,-5.332068241012,
    4.090614793033));
#199 = CARTESIAN_POINT('',(-9.758521933047,-10.82615421703,4.67500615814
    ));
#200 = CARTESIAN_POINT('',(-3.40758408175,-12.81094537424,5.2593738056)
  );
#201 = CARTESIAN_POINT('',(2.321574831992,-11.67134483679,5.843749999999
    ));
#202 = CARTESIAN_POINT('',(8.050733594455,-10.53174429923,6.428127570559
    ));
#203 = CARTESIAN_POINT('',(13.15868866403,-6.26763767537,7.012492760165)
  );
#204 = CARTESIAN_POINT('',(15.724937218741,0.742093219456,7.59688783103)
  );
#205 = CARTESIAN_POINT('',(14.113420309118,8.759678980477,8.181239120574
    ));
#206 = CARTESIAN_POINT('',(8.00259882945,14.971809542978,8.765626641559)
  );
#207 = CARTESIAN_POINT('',(-0.557589078467,16.601496854324,
    9.350008684058));
#208 = CARTESIAN_POINT('',(-8.119279141614,13.487092549596,
    9.934364793021));
#209 = CARTESIAN_POINT('',(-12.52192588576,7.458936758026,
    10.518756158152));
#210 = CARTESIAN_POINT('',(-13.22957332691,0.842816850724,
    11.103123805591));
#211 = CARTESIAN_POINT('',(-10.99416643688,-4.553932845145,
    11.687500000004));
#212 = CARTESIAN_POINT('',(-8.758759576247,-9.950682392619,
    12.271877570544));
#213 = CARTESIAN_POINT('',(-3.580073966133,-14.12860360345,
    12.856242760194));
#214 = CARTESIAN_POINT('',(3.795617172028,-15.27801175426,
    13.440637830992));
#215 = CARTESIAN_POINT('',(11.34475591795,-12.13330630224,
    14.024989120608));
#216 = CARTESIAN_POINT('',(16.245360003369,-4.927975992026,
    14.609376641543));
#217 = CARTESIAN_POINT('',(16.173723514503,3.785666527967,15.19375868405
    ));
#218 = CARTESIAN_POINT('',(11.643949065807,10.594470698119,
    15.778114793044));
#219 = CARTESIAN_POINT('',(4.872708826413,13.736486965088,
    16.362506158124));
#220 = CARTESIAN_POINT('',(-1.754339359217,13.13979619586,
    16.946873805615));
#221 = CARTESIAN_POINT('',(-6.611285772934,9.8944883864,17.531249999989)
  );
#222 = CARTESIAN_POINT('',(-11.46823204683,6.649180634722,18.11562757059
    ));
#223 = CARTESIAN_POINT('',(-14.55556422982,0.75493002209,18.699992760104
    ));
#224 = CARTESIAN_POINT('',(-14.24396086604,-6.703277685262,
    19.284387831121));
#225 = CARTESIAN_POINT('',(-9.686916138689,-13.49386024772,
    19.868739120466));
#226 = CARTESIAN_POINT('',(-1.663973800766,-16.89461038933,
    20.453126641667));
#227 = CARTESIAN_POINT('',(6.868262935724,-15.12440305034,
    21.037508683961));
#228 = CARTESIAN_POINT('',(12.662522687208,-9.353335149426,
    21.621864793095));
#229 = CARTESIAN_POINT('',(14.423162553828,-2.099225427246,
    22.206256158106));
#230 = CARTESIAN_POINT('',(12.545064065886,4.284077291428,
    22.790623805612));
#231 = CARTESIAN_POINT('',(8.41457069612,8.41457069612,23.374999999999)
  );
#232 = CARTESIAN_POINT('',(4.284077410301,12.54506397496,23.959377570566
    ));
#233 = CARTESIAN_POINT('',(-2.099225459315,14.423162685677,
    24.543742760142));
#234 = CARTESIAN_POINT('',(-9.353334996306,12.662522549895,
    25.128137831081));
#235 = CARTESIAN_POINT('',(-15.12440309563,6.868263220324,
    25.712489120492));
#236 = CARTESIAN_POINT('',(-16.8946103726,-1.663973970384,
    26.296876641664));
#237 = CARTESIAN_POINT('',(-13.49386025885,-9.686915850722,
    26.881258683948));
#238 = CARTESIAN_POINT('',(-6.703277808645,-14.24396103059,
    27.465614793113));
#239 = CARTESIAN_POINT('',(0.754930027825,-14.55556409424,
    28.050006158089));
#240 = CARTESIAN_POINT('',(6.649180535869,-11.46823215921,
    28.634373805624));
#241 = CARTESIAN_POINT('',(9.894488386401,-6.611285772932,
    29.218749999992));
#242 = CARTESIAN_POINT('',(13.139796129872,-1.754339493546,
    29.803127570584));
#243 = CARTESIAN_POINT('',(13.736487088142,4.872708883588,
    30.387492760112));
#244 = CARTESIAN_POINT('',(10.594470593337,11.643948888854,
    30.971887831115));
#245 = CARTESIAN_POINT('',(3.785666798225,16.173723614416,31.55623912046
    ));
#246 = CARTESIAN_POINT('',(-4.927976155077,16.245359953911,
    32.140626641697));
#247 = CARTESIAN_POINT('',(-12.13330602202,11.344755985021,
    32.725008683909));
#248 = CARTESIAN_POINT('',(-15.2780119397,3.795617260942,33.309364793156
    ));
#249 = CARTESIAN_POINT('',(-14.12860346937,-3.580073945304,
    33.893756158053));
#250 = CARTESIAN_POINT('',(-9.950682522115,-8.758759501218,
    34.478123805649));
#251 = CARTESIAN_POINT('',(-4.553932845143,-10.99416643688,
    35.062499999978));
#252 = CARTESIAN_POINT('',(0.842816706098,-13.22957328839,
    35.646877570629));
#253 = CARTESIAN_POINT('',(7.458936838122,-12.5219259953,36.231242760019
    ));
#254 = CARTESIAN_POINT('',(13.487092355572,-8.119279073344,
    36.815637831258));
#255 = CARTESIAN_POINT('',(16.601497005088,-0.557589324082,
    37.399989120291));
#256 = CARTESIAN_POINT('',(14.971809462608,8.002598979774,
    37.984376641847));
#257 = CARTESIAN_POINT('',(8.75967910097,14.113420047315,38.568758683811
    ));
#258 = CARTESIAN_POINT('',(0.742093270462,15.724937417989,
    39.153114793192));
#259 = CARTESIAN_POINT('',(-6.267637628775,13.158688536579,
    39.737506158063));
#260 = CARTESIAN_POINT('',(-10.5317442509,8.050733736102,40.321873805618
    ));
#261 = CARTESIAN_POINT('',(-11.67134483679,2.321574831992,
    40.906250000008));
#262 = CARTESIAN_POINT('',(-12.81094536468,-3.407583932398,
    41.490627570545));
#263 = CARTESIAN_POINT('',(-10.82615430884,-9.758522032951,
    42.074992760183));
#264 = CARTESIAN_POINT('',(-5.33206821192,-14.81193442678,
    42.659387831019));
#265 = CARTESIAN_POINT('',(2.69191599512,-16.39128417596,43.243739120563
    ));
#266 = CARTESIAN_POINT('',(10.769686413528,-13.12290073008,
    43.828126641601));
#267 = CARTESIAN_POINT('',(15.551163255151,-5.837972661435,
    44.412508683989));
#268 = CARTESIAN_POINT('',(15.567562369903,2.33994894816,44.996864793097
    ));
#269 = CARTESIAN_POINT('',(11.68309258282,8.714339513132,45.581256158086
    ));
#270 = CARTESIAN_POINT('',(5.841399767512,11.899999975303,
    46.165623805637));
#271 = CARTESIAN_POINT('',(-1.976923832969E-12,11.9,46.74999999998));
#272 = CARTESIAN_POINT('',(-5.841399619152,11.899999995065,
    47.334377570616));
#273 = CARTESIAN_POINT('',(-11.68309269874,8.714339583685,47.91874276006
    ));
#274 = CARTESIAN_POINT('',(-15.56756216451,2.339948959339,
    48.503137831169));
#275 = CARTESIAN_POINT('',(-15.55116348843,-5.837972492219,
    49.087489120432));
#276 = CARTESIAN_POINT('',(-10.76968628175,-13.12290083819,
    49.671876641681));
#277 = CARTESIAN_POINT('',(-2.691916206617,-16.39128398022,
    50.256258683965));
#278 = CARTESIAN_POINT('',(5.332068241034,-14.81193463037,50.84061479308
    ));
#279 = CARTESIAN_POINT('',(10.82615421703,-9.758521933041,
    51.425006158127));
#280 = CARTESIAN_POINT('',(12.810945374246,-3.407584081751,
    52.009373805592));
#281 = CARTESIAN_POINT('',(11.671344836799,2.321574831991,
    52.593750000013));
#282 = CARTESIAN_POINT('',(10.53174429923,8.050733594459,53.178127570521
    ));
#283 = CARTESIAN_POINT('',(6.267637675373,13.15868866402,53.762492760242
    ));
#284 = CARTESIAN_POINT('',(-0.742093219462,15.724937218763,
    54.346887830912));
#285 = CARTESIAN_POINT('',(-8.759678980469,14.113420309081,
    54.931239120722));
#286 = CARTESIAN_POINT('',(-14.97180954298,8.002598829497,
    55.515626641403));
#287 = CARTESIAN_POINT('',(-16.60149685432,-0.557589078511,
    56.100008684196));
#288 = CARTESIAN_POINT('',(-13.48709254958,-8.119279141584,
    56.684364792917));
#289 = CARTESIAN_POINT('',(-7.458936758033,-12.52192588577,
    57.268756158214));
#290 = CARTESIAN_POINT('',(-0.842816850721,-13.22957332691,
    57.853123805566));
#291 = CARTESIAN_POINT('',(4.553932845144,-10.99416643688,58.43750000001
    ));
#292 = CARTESIAN_POINT('',(9.950682395418,-8.758759580431,
    59.021877525089));
#293 = CARTESIAN_POINT('',(14.128603591461,-3.580073948196,
    59.606242954999));
#294 = CARTESIAN_POINT('',(15.278011785232,3.795617125703,
    60.190637327931));
#295 = CARTESIAN_POINT('',(12.133306243625,11.344756005667,
    60.774990073154));
#296 = CARTESIAN_POINT('',(4.927976079063,16.245359873112,61.35937522702
    ));
#297 = CARTESIAN_POINT('',(-3.785666632398,16.173723670805,
    61.943760381441));
#298 = CARTESIAN_POINT('',(-10.59447059557,11.643948912322,
    62.528113126203));
#299 = CARTESIAN_POINT('',(-13.73648704761,4.872708949922,
    63.112507499446));
#300 = CARTESIAN_POINT('',(-13.13979614194,-1.754339439916,
    63.696872929193));
#301 = CARTESIAN_POINT('',(-9.894488414353,-6.611285731099,
    64.281250454333));
#302 = CARTESIAN_POINT('',(-6.649180580799,-11.46823212753,
    64.865626694158));
#303 = CARTESIAN_POINT('',(-0.75493010462,-14.5555641063,65.449994101435
    ));
#304 = CARTESIAN_POINT('',(6.703277787823,-14.24396101954,
    66.034386164307));
#305 = CARTESIAN_POINT('',(13.493860143285,-9.68691598236,
    66.618740817764));
#306 = CARTESIAN_POINT('',(16.894610476367,-1.663973931052,67.2031252273
    ));
#307 = CARTESIAN_POINT('',(15.12440299173,6.868263023462,67.787509636322
    ));
#308 = CARTESIAN_POINT('',(9.353335180383,12.662522640876,
    68.371864290207));
#309 = CARTESIAN_POINT('',(2.099225415257,14.423162571765,
    68.956256352779));
#310 = CARTESIAN_POINT('',(-4.284077288629,12.545064061705,
    69.540623760237));
#311 = CARTESIAN_POINT('',(-8.414570696122,8.414570696118,
    70.124999999967));
#312 = CARTESIAN_POINT('',(-12.54506397495,4.28407741031,70.709377570659
    ));
#313 = CARTESIAN_POINT('',(-14.4231626857,-2.099225459332,
    71.293742759965));
#314 = CARTESIAN_POINT('',(-12.66252254984,-9.35333499629,
    71.878137831325));
#315 = CARTESIAN_POINT('',(-6.868263220401,-15.12440309564,
    72.462489120233));
#316 = CARTESIAN_POINT('',(1.663973970468,-16.8946103726,73.046876641881
    ));
#317 = CARTESIAN_POINT('',(9.686915850656,-13.49386025885,
    73.631258683803));
#318 = CARTESIAN_POINT('',(14.243961030632,-6.703277808642,
    74.215614793182));
#319 = CARTESIAN_POINT('',(14.555564094236,0.754930027821,
    74.800006158081));
#320 = CARTESIAN_POINT('',(11.468232159211,6.649180535871,75.3843738056)
  );
#321 = CARTESIAN_POINT('',(6.611285772935,9.894488386399,75.96875000002)
  );
#322 = CARTESIAN_POINT('',(1.754339493538,13.139796129879,
    76.553127570504));
#323 = CARTESIAN_POINT('',(-4.872708883574,13.73648708812,
    77.137492760266));
#324 = CARTESIAN_POINT('',(-11.64394888886,10.59447059338,
    77.721887830888));
#325 = CARTESIAN_POINT('',(-16.17372361441,3.785666798164,
    78.306239120733));
#326 = CARTESIAN_POINT('',(-16.2453599539,-4.927976155015,
    78.890626641416));
#327 = CARTESIAN_POINT('',(-11.34475598503,-12.13330602207,
    79.475008684155));
#328 = CARTESIAN_POINT('',(-3.795617260931,-15.27801193967,
    80.059364792974));
#329 = CARTESIAN_POINT('',(3.580073945298,-14.12860346938,
    80.643756158161));
#330 = CARTESIAN_POINT('',(8.75875950122,-9.950682522111,81.228123805598
    ));
#331 = CARTESIAN_POINT('',(10.994166436885,-4.553932845144,
    81.812499999996));
#332 = CARTESIAN_POINT('',(13.229573288402,0.842816706105,
    82.396877570571));
#333 = CARTESIAN_POINT('',(12.5219259953,7.458936838105,82.981242760133)
  );
#334 = CARTESIAN_POINT('',(8.119279073363,13.487092355603,
    83.565637831096));
#335 = CARTESIAN_POINT('',(0.557589324046,16.601497005043,
    84.149989120469));
#336 = CARTESIAN_POINT('',(-8.002598979725,14.971809462659,
    84.734376641697));
#337 = CARTESIAN_POINT('',(-14.11342004736,8.759679100926,85.3187586839)
  );
#338 = CARTESIAN_POINT('',(-15.72493741796,0.74209327049,85.903114793171
    ));
#339 = CARTESIAN_POINT('',(-13.15868853658,-6.267637628787,
    86.487506158034));
#340 = CARTESIAN_POINT('',(-8.050733736103,-10.5317442509,
    87.071873805665));
#341 = CARTESIAN_POINT('',(-2.321574831989,-11.67134483679,
    87.656249999969));
#342 = CARTESIAN_POINT('',(3.407583932385,-12.81094536971,
    88.240627525232));
#343 = CARTESIAN_POINT('',(9.758522032983,-10.82615428729,88.82499295468
    ));
#344 = CARTESIAN_POINT('',(14.81193442673,-5.332068267584,89.40938732846
    ));
#345 = CARTESIAN_POINT('',(16.391284176045,2.691916100525,
    89.993740072463));
#346 = CARTESIAN_POINT('',(13.122900729994,10.769686256987,
    90.578125227755));
#347 = CARTESIAN_POINT('',(5.837972661509,15.551163443021,
    91.162510380791));
#348 = CARTESIAN_POINT('',(-2.339948948205,15.567562185389,
    91.74686312668));
#349 = CARTESIAN_POINT('',(-8.714339513113,11.68309273132,
    92.331257499164));
#350 = CARTESIAN_POINT('',(-11.8999999753,5.841399670471,92.915622929321
    ));
#351 = CARTESIAN_POINT('',(-11.9,5.030921002014E-08,93.500000454294));
#352 = CARTESIAN_POINT('',(11.9,-5.218048215738E-15,1.910774536907));
#353 = CARTESIAN_POINT('',(11.899995784737,5.841399507923,2.495152107463
    ));
#354 = CARTESIAN_POINT('',(8.714352452546,11.683093560086,3.079517297077
    ));
#355 = CARTESIAN_POINT('',(2.339922911638,15.567554545106,3.663912367932
    ));
#356 = CARTESIAN_POINT('',(-5.837939247922,15.551181858672,
    4.248263657479));
#357 = CARTESIAN_POINT('',(-13.12292800765,10.769655190467,
    4.832651178477));
#358 = CARTESIAN_POINT('',(-16.39126927612,2.691949459336,5.417033220945
    ));
#359 = CARTESIAN_POINT('',(-14.81193745812,-5.332092220309,
    6.001389329947));
#360 = CARTESIAN_POINT('',(-9.758522221416,-10.82614292637,
    6.585780695044));
#361 = CARTESIAN_POINT('',(-3.407583512866,-12.81094728451,
    7.170148342508));
#362 = CARTESIAN_POINT('',(2.321574831993,-11.6713448368,7.754524536906)
  );
#363 = CARTESIAN_POINT('',(8.050732663956,-10.53174019149,8.338902107465
    ));
#364 = CARTESIAN_POINT('',(13.158692019446,-6.267650128937,
    8.923267297073));
#365 = CARTESIAN_POINT('',(15.72492466402,0.742117280227,9.507662367937)
  );
#366 = CARTESIAN_POINT('',(14.113444812096,8.759649958743,
    10.092013657475));
#367 = CARTESIAN_POINT('',(8.002563034997,14.971830124854,
    10.676401178478));
#368 = CARTESIAN_POINT('',(-0.557553596006,16.601488919982,
    11.260783220949));
#369 = CARTESIAN_POINT('',(-8.119303211834,13.487090644918,
    11.845139329939));
#370 = CARTESIAN_POINT('',(-12.52191486829,7.458939243551,
    12.429530695053));
#371 = CARTESIAN_POINT('',(-13.2295750895,0.842815920092,13.013898342499
    ));
#372 = CARTESIAN_POINT('',(-10.99416643687,-4.553932845141,
    13.598274536911));
#373 = CARTESIAN_POINT('',(-8.758755729003,-9.950680678636,
    14.182652107451));
#374 = CARTESIAN_POINT('',(-3.58008552573,-14.12860932393,14.7670172971)
  );
#375 = CARTESIAN_POINT('',(3.795638321043,-15.27799474681,
    15.351412367902));
#376 = CARTESIAN_POINT('',(11.344732234336,-12.13333599621,
    15.935763657505));
#377 = CARTESIAN_POINT('',(16.245373206431,-4.927936870071,
    16.520151178466));
#378 = CARTESIAN_POINT('',(16.173722655041,3.785630179408,17.10453322094
    ));
#379 = CARTESIAN_POINT('',(11.643942501795,10.594493934228,
    17.688889329963));
#380 = CARTESIAN_POINT('',(4.872713413588,13.736476644247,
    18.273280695026));
#381 = CARTESIAN_POINT('',(-1.754340615815,13.139797742999,
    18.857648342523));
#382 = CARTESIAN_POINT('',(-6.611285772945,9.894488386414,
    19.442024536896));
#383 = CARTESIAN_POINT('',(-11.46822961517,6.649177195712,
    20.026402107497));
#384 = CARTESIAN_POINT('',(-14.55557209565,0.754940243745,
    20.610767297007));
#385 = CARTESIAN_POINT('',(-14.24394005927,-6.703295110256,
    21.195162368041));
#386 = CARTESIAN_POINT('',(-9.686949882647,-13.49384281171,
    21.779513657348));
#387 = CARTESIAN_POINT('',(-1.663932854697,-16.89461570689,
    22.363901178608));
#388 = CARTESIAN_POINT('',(6.868227117943,-15.12440929825,
    22.948283220836));
#389 = CARTESIAN_POINT('',(12.662544196221,-9.353324178621,
    23.532639330023));
#390 = CARTESIAN_POINT('',(14.423153326241,-2.099231939701,
    24.117030695003));
#391 = CARTESIAN_POINT('',(12.545065338144,4.284078825709,
    24.701398342521));
#392 = CARTESIAN_POINT('',(8.414570696121,8.41457069612,25.285774536906)
  );
#393 = CARTESIAN_POINT('',(4.284074511797,12.545060919139,
    25.870152107473));
#394 = CARTESIAN_POINT('',(-2.09921696869,14.423172394454,
    26.454517297045));
#395 = CARTESIAN_POINT('',(-9.353348027157,12.662498743545,
    27.038912367998));
#396 = CARTESIAN_POINT('',(-15.12439257792,6.868299717443,
    27.623263657377));
#397 = CARTESIAN_POINT('',(-16.89460759967,-1.664015167055,28.2076511786
    ));
#398 = CARTESIAN_POINT('',(-13.49387337448,-9.686881940098,
    28.792033220827));
#399 = CARTESIAN_POINT('',(-6.703262852423,-14.243979986,29.376389330039
    ));
#400 = CARTESIAN_POINT('',(0.754921840304,-14.55555631449,
    29.960780694988));
#401 = CARTESIAN_POINT('',(6.64918228886,-11.46823310768,30.545148342533
    ));
#402 = CARTESIAN_POINT('',(9.89448838641,-6.611285772938,31.129524536899
    ));
#403 = CARTESIAN_POINT('',(13.139792567274,-1.754337246877,
    31.713902107491));
#404 = CARTESIAN_POINT('',(13.736498266837,4.872702450144,
    32.298267297019));
#405 = CARTESIAN_POINT('',(10.594444702215,11.643957025027,
    32.882662368024));
#406 = CARTESIAN_POINT('',(3.785704645939,16.173720418915,
    33.467013657358));
#407 = CARTESIAN_POINT('',(-4.928016019135,16.245349197299,
    34.051401178617));
#408 = CARTESIAN_POINT('',(-12.13327532177,11.3447754642,34.635783220801
    ));
#409 = CARTESIAN_POINT('',(-15.27802761302,3.795598894132,
    35.220139330072));
#410 = CARTESIAN_POINT('',(-14.12859743644,-3.58006439739,
    35.804530694955));
#411 = CARTESIAN_POINT('',(-9.950683110363,-8.758761405532,
    36.388898342557));
#412 = CARTESIAN_POINT('',(-4.553932845154,-10.99416643691,
    36.973274536885));
#413 = CARTESIAN_POINT('',(0.842818214596,-13.22956935586,
    37.557652107536));
#414 = CARTESIAN_POINT('',(7.458932709068,-12.52193821451,
    38.142017296924));
#415 = CARTESIAN_POINT('',(13.4870952845,-8.119252092052,38.72641236817)
  );
#416 = CARTESIAN_POINT('',(16.601501254365,-0.55762706846,
    39.310763657186));
#417 = CARTESIAN_POINT('',(14.971791136027,8.002635979814,
    39.895151178772));
#418 = CARTESIAN_POINT('',(8.759704194793,14.113393736837,
    40.479533220699));
#419 = CARTESIAN_POINT('',(0.742072199078,15.724949207126,
    41.063889330111));
#420 = CARTESIAN_POINT('',(-6.267627087412,13.158684482227,
    41.648280694964));
#421 = CARTESIAN_POINT('',(-10.53174623342,8.050733941544,
    42.232648342526));
#422 = CARTESIAN_POINT('',(-11.67134483678,2.321574831991,
    42.817024536914));
#423 = CARTESIAN_POINT('',(-12.81094121358,-3.407584644686,
    43.401402107452));
#424 = CARTESIAN_POINT('',(-10.82616709843,-9.758520367187,
    43.985767297088));
#425 = CARTESIAN_POINT('',(-5.332041178296,-14.81193203537,
    44.570162367931));
#426 = CARTESIAN_POINT('',(2.691879805801,-16.39129570764,
    45.154513657457));
#427 = CARTESIAN_POINT('',(10.769719126493,-13.12287553666,
    45.738901178527));
#428 = CARTESIAN_POINT('',(15.551142346344,-5.838002406575,
    46.323283220877));
#429 = CARTESIAN_POINT('',(15.56756982142,2.339971914962,46.907639330017
    ));
#430 = CARTESIAN_POINT('',(11.683090662965,8.71432838323,47.492030694987
    ));
#431 = CARTESIAN_POINT('',(5.841399582232,11.900001959795,
    48.076398342544));
#432 = CARTESIAN_POINT('',(-3.544302004665E-12,11.900000000032,
    48.660774536887));
#433 = CARTESIAN_POINT('',(-5.841399507909,11.899995784623,
    49.245152107523));
#434 = CARTESIAN_POINT('',(-11.68309356008,8.714352452812,
    49.829517296966));
#435 = CARTESIAN_POINT('',(-15.56755454517,2.339922911182,50.41391236808
    ));
#436 = CARTESIAN_POINT('',(-15.55118185849,-5.837939247331,
    50.998263657327));
#437 = CARTESIAN_POINT('',(-10.76965519072,-13.12292800822,
    51.582651178605));
#438 = CARTESIAN_POINT('',(-2.691949459092,-16.39126927571,
    52.167033220853));
#439 = CARTESIAN_POINT('',(5.332092220155,-14.81193745832,
    52.751389329999));
#440 = CARTESIAN_POINT('',(10.826142926431,-9.758522221357,
    53.335780695028));
#441 = CARTESIAN_POINT('',(12.810947284519,-3.407583512868,53.9201483425
    ));
#442 = CARTESIAN_POINT('',(11.671344836778,2.321574831985,
    54.504524536919));
#443 = CARTESIAN_POINT('',(10.53174019157,8.050732663973,55.088902107428
    ));
#444 = CARTESIAN_POINT('',(6.267650128773,13.158692019432,
    55.673267297148));
#445 = CARTESIAN_POINT('',(-0.742117279937,15.724924663997,
    56.257662367823));
#446 = CARTESIAN_POINT('',(-8.759649959136,14.11344481219,
    56.842013657619));
#447 = CARTESIAN_POINT('',(-14.97183012444,8.002563034831,
    57.426401178325));
#448 = CARTESIAN_POINT('',(-16.60148892029,-0.557553595812,
    58.010783221087));
#449 = CARTESIAN_POINT('',(-13.48709064473,-8.119303211997,
    58.595139329835));
#450 = CARTESIAN_POINT('',(-7.458939243628,-12.52191486819,
    59.179530695116));
#451 = CARTESIAN_POINT('',(-0.842815920071,-13.22957508954,
    59.763898342473));
#452 = CARTESIAN_POINT('',(4.553932845138,-10.99416643687,
    60.348274536916));
#453 = CARTESIAN_POINT('',(9.950680618679,-8.758755775159,
    60.932652061996));
#454 = CARTESIAN_POINT('',(14.128609580985,-3.58008532793,
    61.517017491903));
#455 = CARTESIAN_POINT('',(15.27799408289,3.795637810271,62.101411864846
    ));
#456 = CARTESIAN_POINT('',(12.133337253458,11.344733201436,
    62.685764610044));
#457 = CARTESIAN_POINT('',(4.927935002975,16.245371770359,
    63.270149763949));
#458 = CARTESIAN_POINT('',(-3.785627938886,16.173724378233,
    63.854534918326));
#459 = CARTESIAN_POINT('',(-10.59449613444,11.643940809649,
    64.438887663124));
#460 = CARTESIAN_POINT('',(-13.7364748737,4.872714775265,65.023282036347
    ));
#461 = CARTESIAN_POINT('',(-13.13979889987,-1.754341505538,
    65.607647466101));
#462 = CARTESIAN_POINT('',(-9.894487786684,-6.611285311703,
    66.192024991239));
#463 = CARTESIAN_POINT('',(-6.649178352609,-11.46823050492,
    66.776401231065));
#464 = CARTESIAN_POINT('',(-0.754938473124,-14.55557073391,
    67.360768638338));
#465 = CARTESIAN_POINT('',(6.703292909877,-14.24394175147,
    67.945160701225));
#466 = CARTESIAN_POINT('',(13.493845052448,-9.686948159471,
    68.529515354649));
#467 = CARTESIAN_POINT('',(16.894613839602,-1.663934290681,
    69.113899764236));
#468 = CARTESIAN_POINT('',(15.124410555605,6.868228084938,69.6982841732)
  );
#469 = CARTESIAN_POINT('',(9.353323514686,12.66254368551,70.282638827133
    ));
#470 = CARTESIAN_POINT('',(2.099232196715,14.423153524037,
    70.867030889677));
#471 = CARTESIAN_POINT('',(-4.284078885617,12.545065291963,
    71.451398297146));
#472 = CARTESIAN_POINT('',(-8.414570696159,8.414570696152,
    72.035774536874));
#473 = CARTESIAN_POINT('',(-12.54506091899,4.284074511686,
    72.620152107566));
#474 = CARTESIAN_POINT('',(-14.42317239474,-2.099216968394,
    73.20451729687));
#475 = CARTESIAN_POINT('',(-12.66249874311,-9.353348027745,
    73.788912368238));
#476 = CARTESIAN_POINT('',(-6.868299717908,-15.12439257706,
    74.373263657125));
#477 = CARTESIAN_POINT('',(1.66401516742,-16.89460760061,74.957651178809
    ));
#478 = CARTESIAN_POINT('',(9.686881939899,-13.49387337375,
    75.542033220689));
#479 = CARTESIAN_POINT('',(14.243979986072,-6.703262852812,
    76.126389330103));
#480 = CARTESIAN_POINT('',(14.555556314481,0.754921840414,
    76.710780694982));
#481 = CARTESIAN_POINT('',(11.468233107705,6.64918228888,77.295148342508
    ));
#482 = CARTESIAN_POINT('',(6.611285772918,9.894488386368,77.879524536927
    ));
#483 = CARTESIAN_POINT('',(1.754337246956,13.139792567401,
    78.463902107411));
#484 = CARTESIAN_POINT('',(-4.872702450365,13.736498266591,
    79.048267297172));
#485 = CARTESIAN_POINT('',(-11.64395702458,10.594444702545,
    79.632662367799));
#486 = CARTESIAN_POINT('',(-16.17372041957,3.785704645631,
    80.217013657629));
#487 = CARTESIAN_POINT('',(-16.24534919658,-4.928016018952,
    80.80140117834));
#488 = CARTESIAN_POINT('',(-11.34477546479,-12.13327532181,
    81.385783221044));
#489 = CARTESIAN_POINT('',(-3.795598893757,-15.27802761306,
    81.970139329893));
#490 = CARTESIAN_POINT('',(3.580064397201,-14.12859743639,
    82.554530695063));
#491 = CARTESIAN_POINT('',(8.758761405609,-9.950683110391,
    83.138898342506));
#492 = CARTESIAN_POINT('',(10.99416643689,-4.553932845146,
    83.723274536903));
#493 = CARTESIAN_POINT('',(13.229569355977,0.84281821457,84.307652107478
    ));
#494 = CARTESIAN_POINT('',(12.521938214253,7.458932709153,
    84.892017297037));
#495 = CARTESIAN_POINT('',(8.119252092513,13.487095284292,85.47641236801
    ));
#496 = CARTESIAN_POINT('',(0.557627067859,16.601501254728,
    86.060763657362));
#497 = CARTESIAN_POINT('',(-8.00263597923,14.97179113558,86.645151178623
    ));
#498 = CARTESIAN_POINT('',(-14.11339373725,8.759704195173,
    87.229533220789));
#499 = CARTESIAN_POINT('',(-15.72494920691,0.742072198877,
    87.813889330089));
#500 = CARTESIAN_POINT('',(-13.15868448229,-6.267627087386,
    88.398280694936));
#501 = CARTESIAN_POINT('',(-8.05073394153,-10.53174623336,
    88.982648342573));
#502 = CARTESIAN_POINT('',(-2.321574831996,-11.67134483684,
    89.567024536875));
#503 = CARTESIAN_POINT('',(3.407584569227,-12.81094121839,
    90.151402062139));
#504 = CARTESIAN_POINT('',(9.758520690636,-10.82616707739,
    90.735767491585));
#505 = CARTESIAN_POINT('',(14.811931200067,-5.332041233091,
    91.320161865372));
#506 = CARTESIAN_POINT('',(16.391297289388,2.691879910097,
    91.904514609356));
#507 = CARTESIAN_POINT('',(13.122873187613,10.769718971012,
    92.488899764682));
#508 = CARTESIAN_POINT('',(5.838005225653,15.551142533471,
    93.073284917677));
#509 = CARTESIAN_POINT('',(-2.339974683596,15.567569637265,
    93.657637663602));
#510 = CARTESIAN_POINT('',(-8.714326155061,11.683090811363,
    94.242032036064));
#511 = CARTESIAN_POINT('',(-11.9000034158,5.841399485197,94.826397466229
    ));
#512 = CARTESIAN_POINT('',(-11.89999924517,5.031341554496E-08,
    95.4107749912));
#513 = CARTESIAN_POINT('',(9.53726958087,1.887379141863E-15,
    2.185129240732));
#514 = CARTESIAN_POINT('',(9.537264771214,4.681595309308,2.769501529956)
  );
#515 = CARTESIAN_POINT('',(6.98413116353,9.363437560965,3.353886875485)
  );
#516 = CARTESIAN_POINT('',(1.875333473855,12.476614422885,3.938240709796
    ));
#517 = CARTESIAN_POINT('',(-4.67883325626,12.463547696208,4.522640713607
    ));
#518 = CARTESIAN_POINT('',(-10.5173640396,8.631316664459,5.107002509634)
  );
#519 = CARTESIAN_POINT('',(-13.13682941226,2.157492443586,5.691370082975
    ));
#520 = CARTESIAN_POINT('',(-11.87102611778,-4.273424499353,
    6.275765004479));
#521 = CARTESIAN_POINT('',(-7.820987676157,-8.676621649535,
    6.860122746673));
#522 = CARTESIAN_POINT('',(-2.731010090174,-10.26734976098,
    7.444505500286));
#523 = CARTESIAN_POINT('',(1.860628993687,-9.354013620156,8.028879240733
    ));
#524 = CARTESIAN_POINT('',(6.452267823541,-8.440674966466,8.613251529953
    ));
#525 = CARTESIAN_POINT('',(10.546058131472,-5.023216992668,
    9.197636875491));
#526 = CARTESIAN_POINT('',(12.60273918652,0.594767258465,9.781990709783)
  );
#527 = CARTESIAN_POINT('',(11.311269035439,7.02044832066,10.366390713627
    ));
#528 = CARTESIAN_POINT('',(6.413632397735,11.999162186243,
    10.950752509612));
#529 = CARTESIAN_POINT('',(-0.446831449043,13.305314814235,
    11.535120082991));
#530 = CARTESIAN_POINT('',(-6.507234153877,10.809223917945,
    12.119515004473));
#531 = CARTESIAN_POINT('',(-10.0357018017,5.977984679364,12.70387274667)
  );
#532 = CARTESIAN_POINT('',(-10.60285915226,0.675473925948,
    13.288255500292));
#533 = CARTESIAN_POINT('',(-8.8112881618,-3.649755058595,13.872629240728
    ));
#534 = CARTESIAN_POINT('',(-7.01971475638,-7.974983303807,
    14.457001529973));
#535 = CARTESIAN_POINT('',(-2.869263409737,-11.32339960224,
    15.04138687544));
#536 = CARTESIAN_POINT('',(3.042011418417,-12.24454775098,
    15.625740709878));
#537 = CARTESIAN_POINT('',(9.092271493458,-9.724304648997,
    16.210140713495));
#538 = CARTESIAN_POINT('',(13.019839259009,-3.949475834836,
    16.794502509749));
#539 = CARTESIAN_POINT('',(12.962484429797,3.033983859721,
    17.378870082889));
#540 = CARTESIAN_POINT('',(9.332029304723,8.49097444912,17.963265004521)
  );
#541 = CARTESIAN_POINT('',(3.905251083849,11.009115561765,
    18.547622746666));
#542 = CARTESIAN_POINT('',(-1.406020322423,10.530906612423,
    19.132005500276));
#543 = CARTESIAN_POINT('',(-5.298623083425,7.929949840847,
    19.716379240743));
#544 = CARTESIAN_POINT('',(-9.191224648065,5.328990844792,
    20.300751529915));
#545 = CARTESIAN_POINT('',(-11.66558917666,0.605045643355,
    20.885136875585));
#546 = CARTESIAN_POINT('',(-11.41580521202,-5.372352786064,
    21.469490709615));
#547 = CARTESIAN_POINT('',(-7.763640688482,-10.81468377103,
    22.053890713855));
#548 = CARTESIAN_POINT('',(-1.333543130442,-13.54017121143,
    22.638252509371));
#549 = CARTESIAN_POINT('',(5.504541972165,-12.12151303757,23.22262008319
    ));
#550 = CARTESIAN_POINT('',(10.148411358047,-7.496210039099,
    23.807015004344));
#551 = CARTESIAN_POINT('',(11.559455184771,-1.68244087918,
    24.391372746734));
#552 = CARTESIAN_POINT('',(10.054257237301,3.433481998316,
    24.975755500269));
#553 = CARTESIAN_POINT('',(6.743867994639,6.743867994637,25.560129240732
    ));
#554 = CARTESIAN_POINT('',(3.433476803702,10.054252383668,
    26.144501529947));
#555 = CARTESIAN_POINT('',(-1.682423688101,11.55947670104,
    26.728886875516));
#556 = CARTESIAN_POINT('',(-7.496237648431,10.148359680959,
    27.313240709719));
#557 = CARTESIAN_POINT('',(-12.12149381698,5.504624370146,27.89764071374
    ));
#558 = CARTESIAN_POINT('',(-13.54016197686,-1.333636888617,
    28.482002509462));
#559 = CARTESIAN_POINT('',(-10.81471869768,-7.763563623532,
    29.066370083144));
#560 = CARTESIAN_POINT('',(-5.372315625329,-11.41585050983,
    29.650765004352));
#561 = CARTESIAN_POINT('',(0.605024584886,-11.66557142762,
    30.235122746743));
#562 = CARTESIAN_POINT('',(5.328996886521,-9.19122839503,30.819505500259
    ));
#563 = CARTESIAN_POINT('',(7.929949840841,-5.298623083422,
    31.403879240738));
#564 = CARTESIAN_POINT('',(10.530900838605,-1.406016174489,
    31.988251529924));
#565 = CARTESIAN_POINT('',(11.009140018496,3.905238420567,
    32.572636875566));
#566 = CARTESIAN_POINT('',(8.490918378571,9.332046302205,33.156990709649
    ));
#567 = CARTESIAN_POINT('',(3.034068424285,12.962481652982,33.74139071381
    ));
#568 = CARTESIAN_POINT('',(-3.949565989915,13.019811911288,
    34.325752509411));
#569 = CARTESIAN_POINT('',(-9.724235878741,9.092320782969,
    34.910120083174));
#570 = CARTESIAN_POINT('',(-12.2445849286,3.04196613502,35.494515004331)
  );
#571 = CARTESIAN_POINT('',(-11.32338630264,-2.869239293506,
    36.078872746765));
#572 = CARTESIAN_POINT('',(-7.974985800038,-7.019721412886,
    36.663255500238));
#573 = CARTESIAN_POINT('',(-3.649755058614,-8.811288161843,
    37.247629240752));
#574 = CARTESIAN_POINT('',(0.675476867808,-10.60285268003,37.83200152987
    ));
#575 = CARTESIAN_POINT('',(5.977977030591,-10.03572825925,
    38.416386875707));
#576 = CARTESIAN_POINT('',(10.809229650155,-6.507175844241,
    39.000740709376));
#577 = CARTESIAN_POINT('',(13.305328588267,-0.446914930979,
    39.585140714209));
#578 = CARTESIAN_POINT('',(11.999117775901,6.413715485736,
    40.169502508969));
#579 = CARTESIAN_POINT('',(7.02051007926,11.311211202135,40.753870083537
    ));
#580 = CARTESIAN_POINT('',(0.594715592291,12.602766815616,
    41.338265004124));
#581 = CARTESIAN_POINT('',(-5.023190745184,10.546049792195,
    41.922622746827));
#582 = CARTESIAN_POINT('',(-8.440681982133,6.45226897321,42.507005500253
    ));
#583 = CARTESIAN_POINT('',(-9.354013620138,1.860628993685,
    43.091379240722));
#584 = CARTESIAN_POINT('',(-10.26734283939,-2.7310117128,43.675751529978
    ));
#585 = CARTESIAN_POINT('',(-8.676649090484,-7.820985336081,
    44.260136875446));
#586 = CARTESIAN_POINT('',(-4.27336619252,-11.87102036392,
    44.844490709851));
#587 = CARTESIAN_POINT('',(2.157413253781,-13.13685920866,
    45.428890713548));
#588 = CARTESIAN_POINT('',(8.631389491103,-10.51730427228,
    46.013252509676));
#589 = CARTESIAN_POINT('',(12.463503023221,-4.678905111494,
    46.597620082966));
#590 = CARTESIAN_POINT('',(12.47663144126,1.875389537812,47.182015004457
    ));
#591 = CARTESIAN_POINT('',(9.363434502626,6.98410379335,47.766372746708)
  );
#592 = CARTESIAN_POINT('',(4.681595068194,9.537271876346,48.350755500255
    ));
#593 = CARTESIAN_POINT('',(9.87080209236E-13,9.537269580906,
    48.935129240752));
#594 = CARTESIAN_POINT('',(-4.681595309312,9.537264771085,
    49.519501529882));
#595 = CARTESIAN_POINT('',(-9.36343756092,6.984131163826,50.103886875659
    ));
#596 = CARTESIAN_POINT('',(-12.47661442303,1.875333473362,
    50.688240709493));
#597 = CARTESIAN_POINT('',(-12.4635476959,-4.678833255638,
    51.272640714009));
#598 = CARTESIAN_POINT('',(-8.631316664848,-10.51736404019,
    51.857002509224));
#599 = CARTESIAN_POINT('',(-2.157492443234,-13.13682941185,
    52.441370083294));
#600 = CARTESIAN_POINT('',(4.273424499137,-11.87102611799,
    53.025765004298));
#601 = CARTESIAN_POINT('',(8.676621649611,-7.820987676098,
    53.610122746737));
#602 = CARTESIAN_POINT('',(10.267349760993,-2.731010090176,
    54.194505500284));
#603 = CARTESIAN_POINT('',(9.35401362013,1.860628993681,54.778879240719)
  );
#604 = CARTESIAN_POINT('',(8.440674966546,6.452267823554,55.363251530003
    ));
#605 = CARTESIAN_POINT('',(5.023216992487,10.546058131468,
    55.947636875369));
#606 = CARTESIAN_POINT('',(-0.594767258153,12.602739186472,
    56.531990710005));
#607 = CARTESIAN_POINT('',(-7.020448321071,11.311269035583,
    57.116390713315));
#608 = CARTESIAN_POINT('',(-11.99916218583,6.413632397497,
    57.700752509954));
#609 = CARTESIAN_POINT('',(-13.30531481454,-0.446831448775,
    58.285120082699));
#610 = CARTESIAN_POINT('',(-10.80922391777,-6.507234154096,
    58.869515004665));
#611 = CARTESIAN_POINT('',(-5.977984679426,-10.03570180157,
    59.453872746576));
#612 = CARTESIAN_POINT('',(-0.675473925934,-10.60285915231,
    60.038255500323));
#613 = CARTESIAN_POINT('',(3.649755058593,-8.811288161793,
    60.622629240725));
#614 = CARTESIAN_POINT('',(7.97498322909,-7.019714799969,61.207001577908
    ));
#615 = CARTESIAN_POINT('',(11.32339992256,-2.869263222954,
    61.791386669999));
#616 = CARTESIAN_POINT('',(12.24454692368,3.042010936113,62.375741240405
    ));
#617 = CARTESIAN_POINT('',(9.72430621561,9.092272406631,62.960139708957)
  );
#618 = CARTESIAN_POINT('',(3.949473508338,13.019837903038,
    63.544504001455));
#619 = CARTESIAN_POINT('',(-3.033981067935,12.962486056858,
    64.128868292906));
#620 = CARTESIAN_POINT('',(-8.490977190675,9.332027706984,
    64.713266762273));
#621 = CARTESIAN_POINT('',(-11.0091133556,3.905252369555,65.29762133219)
  );
#622 = CARTESIAN_POINT('',(-10.53090805392,-1.406021162506,
    65.882006424499));
#623 = CARTESIAN_POINT('',(-7.929949093561,-5.298622647917,
    66.466378761618));
#624 = CARTESIAN_POINT('',(-5.328992286328,-9.191225488178,
    67.050752454166));
#625 = CARTESIAN_POINT('',(-0.605043437102,-11.6655878909,
    67.635135461026));
#626 = CARTESIAN_POINT('',(5.37235004433,-11.41580680979,68.219492467497
    ));
#627 = CARTESIAN_POINT('',(10.814686563038,-7.763639061484,
    68.803888923752));
#628 = CARTESIAN_POINT('',(13.540168884755,-1.33354448627,
    69.388254001118));
#629 = CARTESIAN_POINT('',(12.12151460427,5.50454288519,69.972619078712)
  );
#630 = CARTESIAN_POINT('',(7.496209211803,10.148410875822,
    70.557015534753));
#631 = CARTESIAN_POINT('',(1.682441199446,11.559455371552,
    71.141372541406));
#632 = CARTESIAN_POINT('',(-3.433482072978,10.054257193677,
    71.725755548131));
#633 = CARTESIAN_POINT('',(-6.743867994677,6.743867994679,
    72.310129240762));
#634 = CARTESIAN_POINT('',(-10.05425238352,3.433476803556,
    72.894501529832));
#635 = CARTESIAN_POINT('',(-11.55947670132,-1.682423687725,
    73.478886875796));
#636 = CARTESIAN_POINT('',(-10.14835968057,-7.496237649154,
    74.063240709226));
#637 = CARTESIAN_POINT('',(-5.504624370527,-12.12149381594,74.6476407144
    ));
#638 = CARTESIAN_POINT('',(1.333636888875,-13.54016197798,
    75.232002508785));
#639 = CARTESIAN_POINT('',(7.763563623426,-10.81471869681,
    75.816370083669));
#640 = CARTESIAN_POINT('',(11.415850509851,-5.372315625794,
    76.400765004062));
#641 = CARTESIAN_POINT('',(11.665571427624,0.605024585022,
    76.985122746837));
#642 = CARTESIAN_POINT('',(9.19122839505,5.328996886538,77.569505500265)
  );
#643 = CARTESIAN_POINT('',(5.298623083393,7.929949840796,78.153879240709
    ));
#644 = CARTESIAN_POINT('',(1.406016174597,10.530900838735,
    78.738251530028));
#645 = CARTESIAN_POINT('',(-3.905238420849,11.009140018258,
    79.322636875325));
#646 = CARTESIAN_POINT('',(-9.33204630166,8.490918378864,79.90699071006)
  );
#647 = CARTESIAN_POINT('',(-12.96248165376,3.034068424054,
    80.491390713278));
#648 = CARTESIAN_POINT('',(-13.01981191045,-3.949565989833,
    81.075752509944));
#649 = CARTESIAN_POINT('',(-9.092320783642,-9.724235878685,
    81.660120082758));
#650 = CARTESIAN_POINT('',(-3.041966134601,-12.24458492871,
    82.244515004586));
#651 = CARTESIAN_POINT('',(2.869239293299,-11.32338630255,
    82.828872746639));
#652 = CARTESIAN_POINT('',(7.019721412971,-7.974985800081,
    83.413255500289));
#653 = CARTESIAN_POINT('',(8.811288161814,-3.649755058601,
    83.997629240736));
#654 = CARTESIAN_POINT('',(10.602852680156,0.675476867765,
    84.582001529938));
#655 = CARTESIAN_POINT('',(10.035728258966,5.977977030717,
    85.166386875534));
#656 = CARTESIAN_POINT('',(6.507175844723,10.809229649864,
    85.750740709699));
#657 = CARTESIAN_POINT('',(0.446914930371,13.305328588755,
    86.335140713752));
#658 = CARTESIAN_POINT('',(-6.413715485165,11.999117775312,
    86.919502509463));
#659 = CARTESIAN_POINT('',(-11.31121120252,7.02051007976,87.503870083144
    ));
#660 = CARTESIAN_POINT('',(-12.60276681543,0.594715592023,
    88.088265004336));
#661 = CARTESIAN_POINT('',(-10.54604979225,-5.023190745138,
    88.672622746776));
#662 = CARTESIAN_POINT('',(-6.45226897319,-8.440681982069,
    89.257005500224));
#663 = CARTESIAN_POINT('',(-1.860628993699,-9.354013620209,
    89.841379240761));
#664 = CARTESIAN_POINT('',(2.731011626534,-10.26734283383,
    90.425751577738));
#665 = CARTESIAN_POINT('',(7.820985705912,-8.676649113795,
    91.010136670451));
#666 = CARTESIAN_POINT('',(11.871019408774,-4.27336613283,
    91.594491239545));
#667 = CARTESIAN_POINT('',(13.136861017382,2.157413141365,
    92.178889710194));
#668 = CARTESIAN_POINT('',(10.517301586087,8.631389657386,
    92.763254000079));
#669 = CARTESIAN_POINT('',(4.678908335227,12.463502824263,
    93.347618294095));
#670 = CARTESIAN_POINT('',(-1.875392703904,12.476631636247,
    93.932016761474));
#671 = CARTESIAN_POINT('',(-6.984101245282,9.363434345908,
    94.516371332602));
#672 = CARTESIAN_POINT('',(-9.537273541413,4.681595170536,
    95.100756424342));
#673 = CARTESIAN_POINT('',(-9.53726871766,-5.304834660436E-08,
    95.685128761658));
#674 = CARTESIAN_POINT('',(7.58851554084,-2.109423746788E-15,0.));
#675 = CARTESIAN_POINT('',(7.588515554407,3.725001714161,0.584367933239)
  );
#676 = CARTESIAN_POINT('',(5.557047450541,7.450209741328,1.168769903138)
  );
#677 = CARTESIAN_POINT('',(1.492178092367,9.927250651923,1.753089726013)
  );
#678 = CARTESIAN_POINT('',(-3.722857348779,9.916877845172,2.337529908807
    ));
#679 = CARTESIAN_POINT('',(-8.368289273461,6.867677825246,2.921870487154
    ));
#680 = CARTESIAN_POINT('',(-10.45262179519,1.716636215195,3.506226126539
    ));
#681 = CARTESIAN_POINT('',(-9.445391250072,-3.400216755172,
    4.090653060142));
#682 = CARTESIAN_POINT('',(-6.222930148284,-6.903734411905,
    4.674983070553));
#683 = CARTESIAN_POINT('',(-2.172980497003,-8.16941611352,5.259378283545
    ));
#684 = CARTESIAN_POINT('',(1.480445940486,-7.442704342568,5.843750000002
    ));
#685 = CARTESIAN_POINT('',(5.133872793861,-6.715992571946,6.428117933233
    ));
#686 = CARTESIAN_POINT('',(8.391182226795,-3.996806524472,7.012519903151
    ));
#687 = CARTESIAN_POINT('',(10.027610818825,0.473204217689,7.596839725995
    ));
#688 = CARTESIAN_POINT('',(9.000034379108,5.586010580925,8.181279908828)
  );
#689 = CARTESIAN_POINT('',(5.103145072469,9.547312420006,8.765620487137)
  );
#690 = CARTESIAN_POINT('',(-0.355553820268,10.586676710346,
    9.349976126543));
#691 = CARTESIAN_POINT('',(-5.177586964196,8.600551324037,9.934403060154
    ));
#692 = CARTESIAN_POINT('',(-7.985114537523,4.756506520877,
    10.518733070533));
#693 = CARTESIAN_POINT('',(-8.436370538525,0.537453265796,
    11.103128283566));
#694 = CARTESIAN_POINT('',(-7.010874190326,-2.903999173725,
    11.687499999988));
#695 = CARTESIAN_POINT('',(-5.585377761318,-6.345452021199,
    12.271867933279));
#696 = CARTESIAN_POINT('',(-2.282970565104,-9.009686285116,
    12.856269903047));
#697 = CARTESIAN_POINT('',(2.420401555047,-9.742615525511,
    13.440589726168));
#698 = CARTESIAN_POINT('',(7.234496559094,-7.737324639135,
    14.025029908607));
#699 = CARTESIAN_POINT('',(10.359437704475,-3.142501316424,
    14.609370487346));
#700 = CARTESIAN_POINT('',(10.31389157657,2.414080121796,15.193726126407
    ));
#701 = CARTESIAN_POINT('',(7.425197033875,6.755985409828,15.778153060194
    ));
#702 = CARTESIAN_POINT('',(3.107293015353,8.759631189561,16.362483070562
    ));
#703 = CARTESIAN_POINT('',(-1.118727993013,8.379119974905,
    16.946878283514));
#704 = CARTESIAN_POINT('',(-4.215953347294,6.309620074696,
    17.531250000028));
#705 = CARTESIAN_POINT('',(-7.313179085946,4.240120015634,
    18.115617933136));
#706 = CARTESIAN_POINT('',(-9.281953152164,0.481401327224,
    18.700019903383));
#707 = CARTESIAN_POINT('',(-9.083216981317,-4.274584218001,
    19.28433972559));
#708 = CARTESIAN_POINT('',(-6.177273852354,-8.604964891697,
    19.86877990937));
#709 = CARTESIAN_POINT('',(-1.061092997202,-10.77345560753,
    20.453120486567));
#710 = CARTESIAN_POINT('',(4.379834678149,-9.644749373671,
    21.037476127018));
#711 = CARTESIAN_POINT('',(8.07475512491,-5.964496585757,21.621903059839
    ));
#712 = CARTESIAN_POINT('',(9.197520127462,-1.338667981854,
    22.206233070695));
#713 = CARTESIAN_POINT('',(7.999864529712,2.731917162439,22.790628283505
    ));
#714 = CARTESIAN_POINT('',(5.365890798068,5.365890798067,23.375000000001
    ));
#715 = CARTESIAN_POINT('',(2.731916835645,7.999864779677,23.959367933215
    ));
#716 = CARTESIAN_POINT('',(-1.338667893701,9.197519765003,
    24.543769903228));
#717 = CARTESIAN_POINT('',(-5.96449700666,8.074755502378,25.12808972581)
  );
#718 = CARTESIAN_POINT('',(-9.64474924924,4.379833895779,25.712529909144
    ));
#719 = CARTESIAN_POINT('',(-10.77345565341,-1.061092530914,
    26.29687048673));
#720 = CARTESIAN_POINT('',(-8.604964861172,-6.177274644014,
    26.881226126949));
#721 = CARTESIAN_POINT('',(-4.274583878784,-9.083216528934,
    27.465653059836));
#722 = CARTESIAN_POINT('',(0.481401311457,-9.281953524893,
    28.049983070726));
#723 = CARTESIAN_POINT('',(4.240120287392,-7.313178777014,
    28.634378283476));
#724 = CARTESIAN_POINT('',(6.309620074693,-4.2159533473,29.218750000017)
  );
#725 = CARTESIAN_POINT('',(8.379120156316,-1.118727623726,
    29.803117933158));
#726 = CARTESIAN_POINT('',(8.759630851263,3.107292858177,30.387519903338
    ));
#727 = CARTESIAN_POINT('',(6.755985697917,7.42519752033,30.971839725663)
  );
#728 = CARTESIAN_POINT('',(2.414079378773,10.313891301904,
    31.556279909284));
#729 = CARTESIAN_POINT('',(-3.142500868114,10.359437840434,
    32.140620486627));
#730 = CARTESIAN_POINT('',(-7.737325409549,7.23449637472,32.724976127022
    ));
#731 = CARTESIAN_POINT('',(-9.742615015704,2.420401310599,
    33.309403059769));
#732 = CARTESIAN_POINT('',(-9.009686653726,-2.282970622356,
    33.893733070794));
#733 = CARTESIAN_POINT('',(-6.345451665196,-5.585377967584,
    34.478128283418));
#734 = CARTESIAN_POINT('',(-2.903999173731,-7.010874190324,
    35.062500000054));
#735 = CARTESIAN_POINT('',(0.537453663385,-8.436370644411,
    35.646867933022));
#736 = CARTESIAN_POINT('',(4.756506300705,-7.985114236367,
    36.231269903676));
#737 = CARTESIAN_POINT('',(8.600551857388,-5.177587151903,
    36.815589725041));
#738 = CARTESIAN_POINT('',(10.586676295939,-0.355553145013,
    37.40002991016));
#739 = CARTESIAN_POINT('',(9.547312640882,5.103144659184,37.984370485685
    ));
#740 = CARTESIAN_POINT('',(5.586010249737,9.000035098852,38.568726127775
    ));
#741 = CARTESIAN_POINT('',(0.473204077428,10.02761027106,39.153153059357
    ));
#742 = CARTESIAN_POINT('',(-3.996806652547,8.391182577177,
    39.737483070901));
#743 = CARTESIAN_POINT('',(-6.715992704793,5.133872404458,
    40.321878283471));
#744 = CARTESIAN_POINT('',(-7.442704342568,1.480445940485,
    40.906249999975));
#745 = CARTESIAN_POINT('',(-8.169416139798,-2.172980907591,
    41.490617933287));
#746 = CARTESIAN_POINT('',(-6.903734159521,-6.222929873622,
    42.075019903065));
#747 = CARTESIAN_POINT('',(-3.400216835139,-9.445391809749,
    42.659339726101));
#748 = CARTESIAN_POINT('',(1.716636796486,-10.45262125707,
    43.243779908734));
#749 = CARTESIAN_POINT('',(6.867677463175,-8.368289570658,
    43.828120487173));
#750 = CARTESIAN_POINT('',(9.916878486306,-3.722856883596,
    44.412476126589));
#751 = CARTESIAN_POINT('',(9.927250087429,1.492178123105,44.99690306004)
  );
#752 = CARTESIAN_POINT('',(7.450210059947,5.557047644497,45.581233070666
    ));
#753 = CARTESIAN_POINT('',(3.725001306328,7.588515608735,46.165628283458
    ));
#754 = CARTESIAN_POINT('',(6.692816439946E-12,7.58851554084,
    46.750000000052));
#755 = CARTESIAN_POINT('',(-3.725001714184,7.588515554409,
    47.334367933055));
#756 = CARTESIAN_POINT('',(-7.450209741276,5.557047450531,
    47.918769903554));
#757 = CARTESIAN_POINT('',(-9.92725065201,1.492178092394,48.503089725329
    ));
#758 = CARTESIAN_POINT('',(-9.91687784506,-3.722857348823,
    49.087529909676));
#759 = CARTESIAN_POINT('',(-6.867677825358,-8.368289273411,
    49.671870486291));
#760 = CARTESIAN_POINT('',(-1.716636215112,-10.45262179523,
    50.256226127202));
#761 = CARTESIAN_POINT('',(3.400216755128,-9.44539125005,50.840653059768
    ));
#762 = CARTESIAN_POINT('',(6.90373441192,-6.222930148291,51.424983070683
    ));
#763 = CARTESIAN_POINT('',(8.169416113519,-2.172980497005,
    52.009378283548));
#764 = CARTESIAN_POINT('',(7.442704342567,1.48044594049,52.593749999964)
  );
#765 = CARTESIAN_POINT('',(6.715992571945,5.133872793855,53.178117933354
    ));
#766 = CARTESIAN_POINT('',(3.996806524486,8.391182226801,53.762519902874
    ));
#767 = CARTESIAN_POINT('',(-0.473204217733,10.027610818818,
    54.346839726478));
#768 = CARTESIAN_POINT('',(-5.58601058084,9.000034379123,54.931279908165
    ));
#769 = CARTESIAN_POINT('',(-9.54731242012,5.10314507244,55.515620487859)
  );
#770 = CARTESIAN_POINT('',(-10.58667671023,-0.355553820229,
    56.099976125918));
#771 = CARTESIAN_POINT('',(-8.600551324117,-5.17758696423,
    56.684403060577));
#772 = CARTESIAN_POINT('',(-4.756506520837,-7.985114537505,
    57.268733070315));
#773 = CARTESIAN_POINT('',(-0.53745326581,-8.436370538532,
    57.853128283642));
#774 = CARTESIAN_POINT('',(2.903999173727,-7.010874190325,
    58.437499999978));
#775 = CARTESIAN_POINT('',(6.345452013506,-5.585377749821,
    59.021868058241));
#776 = CARTESIAN_POINT('',(9.009686318078,-2.282970614398,
    59.606269367486));
#777 = CARTESIAN_POINT('',(9.7426154404,2.420401682362,60.190591109191)
  );
#778 = CARTESIAN_POINT('',(7.737324800277,7.234496318,60.775027289883));
#779 = CARTESIAN_POINT('',(3.142501077147,10.359438062516,
    61.359374376084));
#780 = CARTESIAN_POINT('',(-2.414079834685,10.313891146917,
    61.943721460069));
#781 = CARTESIAN_POINT('',(-6.755985691761,7.425197455803,
    62.528157642519));
#782 = CARTESIAN_POINT('',(-8.759630962691,3.10729267582,63.11247938313)
  );
#783 = CARTESIAN_POINT('',(-8.379120123142,-1.11872777116,
    63.696880692889));
#784 = CARTESIAN_POINT('',(-6.309619997849,-4.215953462305,
    64.281248750989));
#785 = CARTESIAN_POINT('',(-4.240120163873,-7.313178864087,
    64.86562034257));
#786 = CARTESIAN_POINT('',(-0.481401100358,-9.281953491717,
    65.450016215801));
#787 = CARTESIAN_POINT('',(4.274583936095,-9.08321655935,66.034344308114
    ));
#788 = CARTESIAN_POINT('',(8.60496517875,-6.17727428206,66.61877524291)
  );
#789 = CARTESIAN_POINT('',(10.773455368331,-1.061092639113,
    67.203124375229));
#790 = CARTESIAN_POINT('',(9.644749534746,4.379834437026,67.787473508575
    ));
#791 = CARTESIAN_POINT('',(5.964496500685,8.074755252235,68.37190444249)
  );
#792 = CARTESIAN_POINT('',(1.338668014805,9.197520078171,68.956232535456
    ));
#793 = CARTESIAN_POINT('',(-2.731917170135,7.999864541203,
    69.540628408266));
#794 = CARTESIAN_POINT('',(-5.365890798061,5.365890798075,
    70.125000000081));
#795 = CARTESIAN_POINT('',(-7.999864779702,2.731916835624,
    70.709367932927));
#796 = CARTESIAN_POINT('',(-9.197519764935,-1.338667893657,
    71.293769903883));
#797 = CARTESIAN_POINT('',(-8.074755502507,-5.964497006726,
    71.878089724714));
#798 = CARTESIAN_POINT('',(-4.379833895598,-9.644749249161,
    72.462529910552));
#799 = CARTESIAN_POINT('',(1.061092530725,-10.77345565348,
    73.046870485328));
#800 = CARTESIAN_POINT('',(6.177274644159,-8.604964861121,
    73.631226128013));
#801 = CARTESIAN_POINT('',(9.083216528857,-4.274583878811,
    74.215653059259));
#802 = CARTESIAN_POINT('',(9.281953524916,0.481401311468,74.799983070901
    ));
#803 = CARTESIAN_POINT('',(7.313178777017,4.240120287386,75.384378283508
    ));
#804 = CARTESIAN_POINT('',(4.215953347293,6.309620074698,75.96874999994)
  );
#805 = CARTESIAN_POINT('',(1.118727623747,8.379120156298,76.553117933413
    ));
#806 = CARTESIAN_POINT('',(-3.107292858215,8.759630851314,
    77.137519902771));
#807 = CARTESIAN_POINT('',(-7.425197520282,6.755985697819,
    77.721839726602));
#808 = CARTESIAN_POINT('',(-10.31389130194,2.414079378913,
    78.306279908081));
#809 = CARTESIAN_POINT('',(-10.3594378404,-3.142500868266,
    78.890620487838));
#810 = CARTESIAN_POINT('',(-7.234496374725,-7.737325409426,
    79.474976126052));
#811 = CARTESIAN_POINT('',(-2.420401310606,-9.74261501578,
    80.059403060393));
#812 = CARTESIAN_POINT('',(2.282970622365,-9.009686653688,80.64373307047
    ));
#813 = CARTESIAN_POINT('',(5.585377967578,-6.345451665211,
    81.228128283554));
#814 = CARTESIAN_POINT('',(7.010874190326,-2.903999173726,81.81250000001
    ));
#815 = CARTESIAN_POINT('',(8.436370644404,0.53745366337,82.396867933194)
  );
#816 = CARTESIAN_POINT('',(7.985114236389,4.756506300734,82.981269903263
    ));
#817 = CARTESIAN_POINT('',(5.177587151849,8.600551857343,83.56558972577)
  );
#818 = CARTESIAN_POINT('',(0.355553145107,10.586676295997,
    84.150029909169));
#819 = CARTESIAN_POINT('',(-5.103144659303,9.547312640821,
    84.734370486721));
#820 = CARTESIAN_POINT('',(-9.000035098744,5.586010249789,
    85.318726126974));
#821 = CARTESIAN_POINT('',(-10.02761027112,0.473204077397,
    85.903153059768));
#822 = CARTESIAN_POINT('',(-8.391182577158,-3.996806652533,
    86.487483070828));
#823 = CARTESIAN_POINT('',(-5.133872404452,-6.715992704798,
    87.07187828338));
#824 = CARTESIAN_POINT('',(-1.480445940496,-7.442704342566,
    87.656250000079));
#825 = CARTESIAN_POINT('',(2.172980907625,-8.169416125979,
    88.240618057815));
#826 = CARTESIAN_POINT('',(6.222929873551,-6.903734218766,
    88.825019368568));
#827 = CARTESIAN_POINT('',(9.445391809864,-3.400216682124,
    89.409341107201));
#828 = CARTESIAN_POINT('',(10.452621256922,1.716636506723,
    89.993777292685));
#829 = CARTESIAN_POINT('',(8.368289570814,6.86767789352,90.578124372997)
  );
#830 = CARTESIAN_POINT('',(3.722856883471,9.916877969832,91.16247146275)
  );
#831 = CARTESIAN_POINT('',(-1.492178123033,9.927250594681,
    91.746907640683));
#832 = CARTESIAN_POINT('',(-5.557047644525,7.450209651701,
    92.331229384109));
#833 = CARTESIAN_POINT('',(-7.588515608729,3.725001573107,
    92.915630692498));
#834 = CARTESIAN_POINT('',(-7.588515540841,-1.383052805615E-07,
    93.499998751093));
#835 = CARTESIAN_POINT('',(9.53726958087,-7.105427357601E-15,
    -2.185129240732));
#836 = CARTESIAN_POINT('',(9.537274400934,4.681595563732,-1.600756951508
    ));
#837 = CARTESIAN_POINT('',(6.984101730291,9.363435590872,-1.016371605983
    ));
#838 = CARTESIAN_POINT('',(1.875393049326,12.476631849848,
    -0.432017771669));
#839 = CARTESIAN_POINT('',(-4.678909291587,12.463505680291,
    0.152382232152));
#840 = CARTESIAN_POINT('',(-10.51730189842,8.631387775525,0.736744028148
    ));
#841 = CARTESIAN_POINT('',(-13.13686304307,2.157416389006,1.321111601535
    ));
#842 = CARTESIAN_POINT('',(-11.8710196502,-4.273369654722,1.905506522996
    ));
#843 = CARTESIAN_POINT('',(-7.82098701661,-8.676647473153,2.489864265216
    ));
#844 = CARTESIAN_POINT('',(-2.731011391306,-10.26734539188,
    3.074247018819));
#845 = CARTESIAN_POINT('',(1.860628993686,-9.354013620153,3.658620759268
    ));
#846 = CARTESIAN_POINT('',(6.452269951746,-8.44068436153,4.242993048488)
  );
#847 = CARTESIAN_POINT('',(10.546050457081,-5.023188509295,
    4.827378394029));
#848 = CARTESIAN_POINT('',(12.602767901248,0.59471222749,5.411732228306)
  );
#849 = CARTESIAN_POINT('',(11.311212993064,7.020514698184,5.99613223219)
  );
#850 = CARTESIAN_POINT('',(6.413714265588,11.999115112066,6.580494028105
    ));
#851 = CARTESIAN_POINT('',(-0.446912603323,13.305332961403,7.16486160157
    ));
#852 = CARTESIAN_POINT('',(-6.507179101282,10.809228274253,
    7.749256522978));
#853 = CARTESIAN_POINT('',(-10.03572700048,5.977978994557,8.333614265218
    ));
#854 = CARTESIAN_POINT('',(-10.60285512092,0.675476054458,8.917997018824
    ));
#855 = CARTESIAN_POINT('',(-8.811288161815,-3.649755058602,
    9.502370759263));
#856 = CARTESIAN_POINT('',(-7.019723555665,-7.974987223971,
    10.086743048508));
#857 = CARTESIAN_POINT('',(-2.86923697102,-11.32338651855,
    10.671128393979));
#858 = CARTESIAN_POINT('',(3.041963047105,-12.24458664986,11.2554822284)
  );
#859 = CARTESIAN_POINT('',(9.092325661817,-9.724236733968,11.83988223206
    ));
#860 = CARTESIAN_POINT('',(13.019809061409,-3.94956531324,12.42424402824
    ));
#861 = CARTESIAN_POINT('',(12.962486395534,3.03406699491,13.008611601469
    ));
#862 = CARTESIAN_POINT('',(9.332044317704,8.490921304282,13.593006523025
    ));
#863 = CARTESIAN_POINT('',(3.905240592221,11.009139167242,
    14.177364265215));
#864 = CARTESIAN_POINT('',(-1.406017448374,10.530903073861,
    14.761747018808));
#865 = CARTESIAN_POINT('',(-5.298623083401,7.929949840815,
    15.346120759278));
#866 = CARTESIAN_POINT('',(-9.191230209676,5.328998710379,15.93049304845
    ));
#867 = CARTESIAN_POINT('',(-11.66557118621,0.605022264735,
    16.514878394122));
#868 = CARTESIAN_POINT('',(-11.41585280055,-5.372312932207,
    17.099232228141));
#869 = CARTESIAN_POINT('',(-7.763563510455,-10.8147236501,
    17.683632232415));
#870 = CARTESIAN_POINT('',(-1.333636780895,-13.54015904927,
    18.267994027869));
#871 = CARTESIAN_POINT('',(5.504623893378,-12.12149874758,
    18.852361601763));
#872 = CARTESIAN_POINT('',(10.148362163359,-7.496235131143,
    19.436756522853));
#873 = CARTESIAN_POINT('',(11.559476289798,-1.682425984118,
    20.02111426528));
#874 = CARTESIAN_POINT('',(10.054254327434,3.433478489161,
    20.605497018802));
#875 = CARTESIAN_POINT('',(6.743867994636,6.743867994637,21.189870759267
    ));
#876 = CARTESIAN_POINT('',(3.433483433061,10.054259372838,
    21.774243048482));
#877 = CARTESIAN_POINT('',(-1.682443107568,11.559454495457,
    22.358628394055));
#878 = CARTESIAN_POINT('',(-7.496207844713,10.14841413003,
    22.942982228242));
#879 = CARTESIAN_POINT('',(-12.12151787273,5.50454089518,23.527382232304
    ));
#880 = CARTESIAN_POINT('',(-13.54016831901,-1.333542664994,
    24.111744027955));
#881 = CARTESIAN_POINT('',(-10.81468870005,-7.763641182759,
    24.696111601721));
#882 = CARTESIAN_POINT('',(-5.372349832691,-11.41580715567,
    25.28050652286));
#883 = CARTESIAN_POINT('',(0.605043311107,-11.6655892212,25.86486426529)
  );
#884 = CARTESIAN_POINT('',(5.328992877139,-9.191226225701,
    26.449247018791));
#885 = CARTESIAN_POINT('',(7.929949840819,-5.298623083409,
    27.033620759274));
#886 = CARTESIAN_POINT('',(10.530908986857,-1.406021312994,
    27.61799304846));
#887 = CARTESIAN_POINT('',(11.009114450968,3.905253134921,
    28.202378394102));
#888 = CARTESIAN_POINT('',(8.49097759586,9.332027693426,28.786732228175)
  );
#889 = CARTESIAN_POINT('',(3.033981860288,12.962488961625,
    29.371132232368));
#890 = CARTESIAN_POINT('',(-3.949474814204,13.019836513439,
    29.955494027911));
#891 = CARTESIAN_POINT('',(-9.724306095293,9.092276230859,
    30.539861601746));
#892 = CARTESIAN_POINT('',(-12.24454908111,3.04200814296,31.12425652284)
  );
#893 = CARTESIAN_POINT('',(-11.32340010095,-2.86926113117,
    31.708614265311));
#894 = CARTESIAN_POINT('',(-7.974984454617,-7.019717057405,
    32.292997018771));
#895 = CARTESIAN_POINT('',(-3.649755058587,-8.811288161771,
    32.877370759287));
#896 = CARTESIAN_POINT('',(0.675473417622,-10.60286167438,
    33.461743048405));
#897 = CARTESIAN_POINT('',(5.977986474424,-10.03570031188,
    34.046128394245));
#898 = CARTESIAN_POINT('',(10.809222951208,-6.507237554931,
    34.630482227899));
#899 = CARTESIAN_POINT('',(13.305318869467,-0.446828603327,
    35.214882232772));
#900 = CARTESIAN_POINT('',(11.999159691833,6.413630860509,
    35.799244027463));
#901 = CARTESIAN_POINT('',(7.020452685524,11.311271378559,
    36.383611602114));
#902 = CARTESIAN_POINT('',(0.594763786042,12.602739851906,
    36.968006522631));
#903 = CARTESIAN_POINT('',(-5.023214855031,10.546059065171,
    37.552364265375));
#904 = CARTESIAN_POINT('',(-8.440677447783,6.452268503331,
    38.136747018786));
#905 = CARTESIAN_POINT('',(-9.354013620172,1.860628993687,
    38.721120759257));
#906 = CARTESIAN_POINT('',(-10.26735233364,-2.731010083679,
    39.305493048513));
#907 = CARTESIAN_POINT('',(-8.676619838577,-7.820989145962,
    39.889878393984));
#908 = CARTESIAN_POINT('',(-4.273428022901,-11.87102583346,
    40.474232228374));
#909 = CARTESIAN_POINT('',(2.157496024763,-13.1368328338,41.05863223211)
  );
#910 = CARTESIAN_POINT('',(8.631314671114,-10.51736189379,41.64299402817
    ));
#911 = CARTESIAN_POINT('',(12.463550845144,-4.678837079428,
    42.227361601543));
#912 = CARTESIAN_POINT('',(12.476614398399,1.875337008926,
    42.811756522963));
#913 = CARTESIAN_POINT('',(9.363438893653,6.984129249281,43.396114265256
    ));
#914 = CARTESIAN_POINT('',(4.68159549196,9.537267337481,43.980497018787)
  );
#915 = CARTESIAN_POINT('',(4.563410413438E-12,9.537269580833,
    44.564870759287));
#916 = CARTESIAN_POINT('',(-4.681595563744,9.537274401064,
    45.149243048417));
#917 = CARTESIAN_POINT('',(-9.363435590885,6.984101729996,
    45.733628394197));
#918 = CARTESIAN_POINT('',(-12.47663184974,1.87539304982,46.317982228018
    ));
#919 = CARTESIAN_POINT('',(-12.46350568053,-4.678909292214,
    46.902382232569));
#920 = CARTESIAN_POINT('',(-8.631387775196,-10.51730189782,
    47.48674402772));
#921 = CARTESIAN_POINT('',(-2.157416389308,-13.1368630435,
    48.071111601869));
#922 = CARTESIAN_POINT('',(4.273369654911,-11.87101964999,
    48.655506522805));
#923 = CARTESIAN_POINT('',(8.676647473085,-7.82098701667,49.239864265284
    ));
#924 = CARTESIAN_POINT('',(10.267345391882,-2.731011391306,
    49.824247018816));
#925 = CARTESIAN_POINT('',(9.354013620178,1.860628993694,50.408620759254
    ));
#926 = CARTESIAN_POINT('',(8.440684361447,6.45226995173,50.992993048539)
  );
#927 = CARTESIAN_POINT('',(5.023188509495,10.546050457086,
    51.577378393906));
#928 = CARTESIAN_POINT('',(-0.594712227854,12.602767901302,
    52.161732228531));
#929 = CARTESIAN_POINT('',(-7.020514697679,11.311212992911,
    52.746132231873));
#930 = CARTESIAN_POINT('',(-11.99911511259,6.413714265833,
    53.330494028453));
#931 = CARTESIAN_POINT('',(-13.30533296098,-0.446912603591,
    53.914861601272));
#932 = CARTESIAN_POINT('',(-10.80922827449,-6.507179101069,
    54.499256523174));
#933 = CARTESIAN_POINT('',(-5.977978994458,-10.0357270006,
    55.083614265122));
#934 = CARTESIAN_POINT('',(-0.675476054485,-10.60285512087,
    55.667997018856));
#935 = CARTESIAN_POINT('',(3.649755058605,-8.811288161822,56.25237075926
    ));
#936 = CARTESIAN_POINT('',(7.974987292787,-7.019723503257,
    56.836743096443));
#937 = CARTESIAN_POINT('',(11.323386223525,-2.869237195614,
    57.421128188536));
#938 = CARTESIAN_POINT('',(12.244587411875,3.041963627072,58.00548275893
    ));
#939 = CARTESIAN_POINT('',(9.724235290976,9.092324563696,58.589881227518
    ));
#940 = CARTESIAN_POINT('',(3.949567456169,13.01981069205,59.174245519951
    ));
#941 = CARTESIAN_POINT('',(-3.034069566424,12.962484438859,
    59.758609811481));
#942 = CARTESIAN_POINT('',(-8.490918779027,9.332046239137,60.34300828078
    ));
#943 = CARTESIAN_POINT('',(-11.00914119934,3.905239046031,
    60.927362850738));
#944 = CARTESIAN_POINT('',(-10.53090174608,-1.406016438086,
    61.511747943031));
#945 = CARTESIAN_POINT('',(-7.929950529145,-5.298623607145,
    62.096120280154));
#946 = CARTESIAN_POINT('',(-5.328997382569,-9.191229199356,
    62.680493972701));
#947 = CARTESIAN_POINT('',(-0.605024296945,-11.66557273246,
    63.264876979565));
#948 = CARTESIAN_POINT('',(5.372315457679,-11.41585087907,
    63.849233986018));
#949 = CARTESIAN_POINT('',(10.814721078292,-7.763565467097,
    64.433630442317));
#950 = CARTESIAN_POINT('',(13.54016119247,-1.333635150373,
    65.017995519609));
#951 = CARTESIAN_POINT('',(12.121497304438,5.504622795392,
    65.602360597292));
#952 = CARTESIAN_POINT('',(7.496235893186,10.148362743251,
    66.186757053258));
#953 = CARTESIAN_POINT('',(1.682425689127,11.559476065207,
    66.771114059955));
#954 = CARTESIAN_POINT('',(-3.433478420402,10.054254379873,
    67.355497066663));
#955 = CARTESIAN_POINT('',(-6.743867994592,6.743867994601,
    67.939870759297));
#956 = CARTESIAN_POINT('',(-10.05425937299,3.433483433192,
    68.524243048367));
#957 = CARTESIAN_POINT('',(-11.55945449512,-1.68244310791,
    69.108628394333));
#958 = CARTESIAN_POINT('',(-10.14841413051,-7.496207844052,
    69.692982227752));
#959 = CARTESIAN_POINT('',(-5.504540894672,-12.12151787368,
    70.277382232958));
#960 = CARTESIAN_POINT('',(1.333542664608,-13.54016831798,
    70.861744027284));
#961 = CARTESIAN_POINT('',(7.763641182959,-10.81468870085,71.44611160224
    ));
#962 = CARTESIAN_POINT('',(11.41580715561,-5.372349832257,
    72.030506522572));
#963 = CARTESIAN_POINT('',(11.665589221218,0.605043310981,
    72.614864265383));
#964 = CARTESIAN_POINT('',(9.191226225685,5.328992877117,73.199247018798
    ));
#965 = CARTESIAN_POINT('',(5.298623083432,7.929949840868,73.783620759244
    ));
#966 = CARTESIAN_POINT('',(1.406021312903,10.530908986713,
    74.367993048563));
#967 = CARTESIAN_POINT('',(-3.905253134667,11.009114451241,
    74.952378393862));
#968 = CARTESIAN_POINT('',(-9.332027693931,8.490977595501,
    75.536732228585));
#969 = CARTESIAN_POINT('',(-12.96248896089,3.033981860618,
    76.121132231838));
#970 = CARTESIAN_POINT('',(-13.01983651423,-3.949474814393,
    76.705494028441));
#971 = CARTESIAN_POINT('',(-9.092276230203,-9.724306095258,
    77.289861601332));
#972 = CARTESIAN_POINT('',(-3.042008143378,-12.24454908106,
    77.874256523095));
#973 = CARTESIAN_POINT('',(2.869261131383,-11.32340010101,
    78.458614265185));
#974 = CARTESIAN_POINT('',(7.019717057316,-7.974984454586,
    79.042997018822));
#975 = CARTESIAN_POINT('',(8.811288161801,-3.649755058597,
    79.627370759271));
#976 = CARTESIAN_POINT('',(10.602861674263,0.675473417655,
    80.211743048474));
#977 = CARTESIAN_POINT('',(10.035700312191,5.977986474314,
    80.796128394069));
#978 = CARTESIAN_POINT('',(6.507237554405,10.809222951477,
    81.380482228229));
#979 = CARTESIAN_POINT('',(0.446828604009,13.305318869004,
    81.964882232304));
#980 = CARTESIAN_POINT('',(-6.413630861168,11.999159692399,
    82.549244027969));
#981 = CARTESIAN_POINT('',(-11.31127137809,7.020452685042,83.13361160171
    ));
#982 = CARTESIAN_POINT('',(-12.60273985213,0.5947637863,83.718006522849)
  );
#983 = CARTESIAN_POINT('',(-10.54605906509,-5.023214855071,
    84.302364265321));
#984 = CARTESIAN_POINT('',(-6.452268503346,-8.44067744785,
    84.886747018757));
#985 = CARTESIAN_POINT('',(-1.860628993682,-9.354013620099,
    85.471120759297));
#986 = CARTESIAN_POINT('',(2.731010169969,-10.26735232859,
    86.055493096274));
#987 = CARTESIAN_POINT('',(7.820988776083,-8.676619860716,
    86.639878188986));
#988 = CARTESIAN_POINT('',(11.871026788689,-4.273427965203,
    87.224232758076));
#989 = CARTESIAN_POINT('',(13.136831024992,2.15749591488,87.808631228745
    ));
#990 = CARTESIAN_POINT('',(10.517364580083,8.631314834985,
    88.392995518587));
#991 = CARTESIAN_POINT('',(4.678833855628,12.463550647869,
    88.977359812661));
#992 = CARTESIAN_POINT('',(-1.875333842797,12.476614592572,
    89.561758279988));
#993 = CARTESIAN_POINT('',(-6.984131797362,9.363438737168,
    90.146112851147));
#994 = CARTESIAN_POINT('',(-9.537265672412,4.681595594288,
    90.730497942874));
#995 = CARTESIAN_POINT('',(-9.537270444079,-5.305794947841E-08,
    91.314870280193));
#996 = CARTESIAN_POINT('',(11.9,-1.665334536938E-15,-1.910774536907));
#997 = CARTESIAN_POINT('',(11.900004205395,5.841399730402,-1.32639696635
    ));
#998 = CARTESIAN_POINT('',(8.714326714806,11.683091837347,
    -0.742031776735));
#999 = CARTESIAN_POINT('',(2.339975007091,15.567569784025,
    -0.157636705888));
#1000 = CARTESIAN_POINT('',(-5.838005736606,15.551145118073,
    0.426714583682));
#1001 = CARTESIAN_POINT('',(-13.12287366863,10.769717373162,
    1.011102104639));
#1002 = CARTESIAN_POINT('',(-16.39129868439,2.691882953814,
    1.595484147156));
#1003 = CARTESIAN_POINT('',(-14.81193180258,-5.332044261714,
    2.179840256118));
#1004 = CARTESIAN_POINT('',(-9.758521644679,-10.8261655077,
    2.764231621237));
#1005 = CARTESIAN_POINT('',(-3.407584650634,-12.81094346397,
    3.348599268693));
#1006 = CARTESIAN_POINT('',(2.321574831992,-11.67134483679,
    3.932975463092));
#1007 = CARTESIAN_POINT('',(8.050734524954,-10.53174840696,
    4.517353033652));
#1008 = CARTESIAN_POINT('',(13.158685308614,-6.267625221804,
    5.101718223264));
#1009 = CARTESIAN_POINT('',(15.724949773464,0.742069158687,
    5.686113294109));
#1010 = CARTESIAN_POINT('',(14.113395806137,8.759708002208,
    6.270464583693));
#1011 = CARTESIAN_POINT('',(8.002634623906,14.971788961101,6.85485210462
    ));
#1012 = CARTESIAN_POINT('',(-0.557624560932,16.601504788668,
    7.439234147181));
#1013 = CARTESIAN_POINT('',(-8.119255071389,13.487094454273,
    8.023590256095));
#1014 = CARTESIAN_POINT('',(-12.52193690323,7.458934272501,
    8.607981621254));
#1015 = CARTESIAN_POINT('',(-13.22957156432,0.842817781356,
    9.192349268683));
#1016 = CARTESIAN_POINT('',(-10.99416643689,-4.553932845148,
    9.776725463098));
#1017 = CARTESIAN_POINT('',(-8.758763423491,-9.950684106603,
    10.361103033637));
#1018 = CARTESIAN_POINT('',(-3.580062406535,-14.12859788297,
    10.945468223288));
#1019 = CARTESIAN_POINT('',(3.795596023009,-15.27802876172,
    11.529863294081));
#1020 = CARTESIAN_POINT('',(11.344779601568,-12.13327660827,
    12.114214583713));
#1021 = CARTESIAN_POINT('',(16.245346800302,-4.928015113983,
    12.698602104617));
#1022 = CARTESIAN_POINT('',(16.173724373969,3.785702876528,
    13.282984147163));
#1023 = CARTESIAN_POINT('',(11.643955629816,10.594447462009,
    13.867340256124));
#1024 = CARTESIAN_POINT('',(4.87270423924,13.73649728593,14.451731621224
    ));
#1025 = CARTESIAN_POINT('',(-1.754338102619,13.139794648722,
    15.036099268707));
#1026 = CARTESIAN_POINT('',(-6.611285772924,9.894488386386,
    15.620475463082));
#1027 = CARTESIAN_POINT('',(-11.46823447849,6.649184073733,
    16.204853033683));
#1028 = CARTESIAN_POINT('',(-14.555556364,0.754919800436,16.789218223196
    ));
#1029 = CARTESIAN_POINT('',(-14.2439816728,-6.703260260265,
    17.373613294215));
#1030 = CARTESIAN_POINT('',(-9.686882394736,-13.49387768375,
    17.957964583563));
#1031 = CARTESIAN_POINT('',(-1.664014746834,-16.89460507175,
    18.542352104752));
#1032 = CARTESIAN_POINT('',(6.868298753509,-15.12439680245,
    19.126734147064));
#1033 = CARTESIAN_POINT('',(12.66250117819,-9.353346120224,
    19.711090256181));
#1034 = CARTESIAN_POINT('',(14.423171781419,-2.099218914794,
    20.295481621203));
#1035 = CARTESIAN_POINT('',(12.545062793627,4.284075757147,
    20.879849268705));
#1036 = CARTESIAN_POINT('',(8.414570696119,8.41457069612,21.464225463092
    ));
#1037 = CARTESIAN_POINT('',(4.284080308804,12.545067030781,
    22.04860303366));
#1038 = CARTESIAN_POINT('',(-2.099233949939,14.423152976902,
    22.632968223235));
#1039 = CARTESIAN_POINT('',(-9.353321965457,12.662546356242,
    23.217363294174));
#1040 = CARTESIAN_POINT('',(-15.12441361334,6.868226723208,
    23.80171458359));
#1041 = CARTESIAN_POINT('',(-16.89461314553,-1.663932773714,
    24.386102104747));
#1042 = CARTESIAN_POINT('',(-13.49384714322,-9.686949761348,
    24.970484147054));
#1043 = CARTESIAN_POINT('',(-6.703292764868,-14.24394207518,
    25.554840256198));
#1044 = CARTESIAN_POINT('',(0.754938215347,-14.55557187399,
    26.139231621187));
#1045 = CARTESIAN_POINT('',(6.649178782877,-11.46823121073,
    26.723599268717));
#1046 = CARTESIAN_POINT('',(9.894488386392,-6.611285772926,
    27.307975463086));
#1047 = CARTESIAN_POINT('',(13.139799692469,-1.754341740216,
    27.892353033677));
#1048 = CARTESIAN_POINT('',(13.736475909449,4.872715317032,
    28.476718223208));
#1049 = CARTESIAN_POINT('',(10.594496484457,11.64394075268,29.0611132942
    ));
#1050 = CARTESIAN_POINT('',(3.785628950514,16.173726809921,
    29.64546458357));
#1051 = CARTESIAN_POINT('',(-4.92793629102,16.245370710517,
    30.229852104766));
#1052 = CARTESIAN_POINT('',(-12.13333672226,11.344736505846,
    30.814234147026));
#1053 = CARTESIAN_POINT('',(-15.27799626637,3.79563562775,
    31.398590256233));
#1054 = CARTESIAN_POINT('',(-14.1286095023,-3.580083493218,
    31.982981621153));
#1055 = CARTESIAN_POINT('',(-9.950681933867,-8.758757596904,
    32.567349268741));
#1056 = CARTESIAN_POINT('',(-4.553932845131,-10.99416643685,
    33.151725463072));
#1057 = CARTESIAN_POINT('',(0.8428151976,-13.22957722093,33.736103033722
    ));
#1058 = CARTESIAN_POINT('',(7.458940967178,-12.52191377609,
    34.320468223114));
#1059 = CARTESIAN_POINT('',(13.48708942664,-8.119306054634,
    34.904863294346));
#1060 = CARTESIAN_POINT('',(16.601492755817,-0.557551579706,
    35.489214583398));
#1061 = CARTESIAN_POINT('',(14.971827789182,8.002561979734,
    36.073602104921));
#1062 = CARTESIAN_POINT('',(8.759654007153,14.113446357793,
    36.657984146924));
#1063 = CARTESIAN_POINT('',(0.742114341843,15.724925628851,
    37.242340256272));
#1064 = CARTESIAN_POINT('',(-6.267648170138,13.158692590932,
    37.826731621162));
#1065 = CARTESIAN_POINT('',(-10.53174226839,8.05073353066,38.41109926871
    ));
#1066 = CARTESIAN_POINT('',(-11.67134483681,2.321574831993,
    38.995475463101));
#1067 = CARTESIAN_POINT('',(-12.81094951578,-3.40758322011,
    39.579853033638));
#1068 = CARTESIAN_POINT('',(-10.82614151926,-9.758523698716,
    40.164218223277));
#1069 = CARTESIAN_POINT('',(-5.332095245542,-14.81193681819,
    40.748613294108));
#1070 = CARTESIAN_POINT('',(2.691952184442,-16.39127264428,
    41.332964583668));
#1071 = CARTESIAN_POINT('',(10.769653700556,-13.12292592349,
    41.917352104677));
#1072 = CARTESIAN_POINT('',(15.551184163967,-5.837942916298,
    42.5017341471));
#1073 = CARTESIAN_POINT('',(15.567554918381,2.339925981358,
    43.086090256178));
#1074 = CARTESIAN_POINT('',(11.683094502676,8.714350643034,
    43.670481621185));
#1075 = CARTESIAN_POINT('',(5.841399952792,11.899997990809,
    44.254849268729));
#1076 = CARTESIAN_POINT('',(-4.275781118057E-13,11.899999999968,
    44.839225463073));
#1077 = CARTESIAN_POINT('',(-5.841399730395,11.900004205506,
    45.42360303371));
#1078 = CARTESIAN_POINT('',(-11.6830918374,8.714326714558,
    46.007968223155));
#1079 = CARTESIAN_POINT('',(-15.56756978386,2.339975007496,
    46.592363294257));
#1080 = CARTESIAN_POINT('',(-15.55114511837,-5.838005737108,
    47.176714583537));
#1081 = CARTESIAN_POINT('',(-10.76971737278,-13.12287366815,
    47.761102104756));
#1082 = CARTESIAN_POINT('',(-2.691882954144,-16.39129868472,
    48.345484147076));
#1083 = CARTESIAN_POINT('',(5.332044261915,-14.81193180242,
    48.929840256161));
#1084 = CARTESIAN_POINT('',(10.826165507629,-9.758521644724,
    49.514231621226));
#1085 = CARTESIAN_POINT('',(12.810943463974,-3.407584650634,
    50.098599268684));
#1086 = CARTESIAN_POINT('',(11.671344836819,2.321574831997,
    50.682975463106));
#1087 = CARTESIAN_POINT('',(10.531748406891,8.050734524945,
    51.267353033614));
#1088 = CARTESIAN_POINT('',(6.267625221974,13.15868530861,
    51.851718223336));
#1089 = CARTESIAN_POINT('',(-0.742069158988,15.724949773524,
    52.436113293999));
#1090 = CARTESIAN_POINT('',(-8.759708001804,14.113395805978,
    53.020464583829));
#1091 = CARTESIAN_POINT('',(-14.97178896151,8.002634624157,
    53.604852104477));
#1092 = CARTESIAN_POINT('',(-16.60150478835,-0.557624561206,
    54.18923414731));
#1093 = CARTESIAN_POINT('',(-13.48709445444,-8.119255071173,
    54.773590255997));
#1094 = CARTESIAN_POINT('',(-7.458934272437,-12.52193690335,
    55.357981621313));
#1095 = CARTESIAN_POINT('',(-0.842817781371,-13.22957156427,
    55.942349268657));
#1096 = CARTESIAN_POINT('',(4.553932845149,-10.99416643689,
    56.526725463103));
#1097 = CARTESIAN_POINT('',(9.950684172157,-8.758763385703,
    57.111102988182));
#1098 = CARTESIAN_POINT('',(14.128597601937,-3.580062568462,
    57.695468418093));
#1099 = CARTESIAN_POINT('',(15.278029487575,3.795596441133,
    58.279862791021));
#1100 = CARTESIAN_POINT('',(12.133275233792,11.344778809903,
    58.864215536256));
#1101 = CARTESIAN_POINT('',(4.928017155152,16.245347975855,
    59.448600690098));
#1102 = CARTESIAN_POINT('',(-3.785705325915,16.173722963384,
    60.032985844552));
#1103 = CARTESIAN_POINT('',(-10.59444505669,11.643957014989,
    60.617338589284));
#1104 = CARTESIAN_POINT('',(-13.73649922151,4.872703124581,
    61.201732962546));
#1105 = CARTESIAN_POINT('',(-13.139793384,-1.754337374294,
    61.786098392285));
#1106 = CARTESIAN_POINT('',(-9.894489042022,-6.611286150495,
    62.370475917426));
#1107 = CARTESIAN_POINT('',(-6.649182808989,-11.46823375014,
    62.954852157251));
#1108 = CARTESIAN_POINT('',(-0.754921736116,-14.5555574787,
    63.539219564528));
#1109 = CARTESIAN_POINT('',(6.703262665766,-14.24398028761,
    64.123611627398));
#1110 = CARTESIAN_POINT('',(13.493875234127,-9.686883805255,
    64.707966280865));
#1111 = CARTESIAN_POINT('',(16.894607113124,-1.66401357142,
    65.292350690381));
#1112 = CARTESIAN_POINT('',(15.12439542786,6.868297961985,
    65.876735099428));
#1113 = CARTESIAN_POINT('',(9.353346846079,12.662501596241,
    66.461089753292));
#1114 = CARTESIAN_POINT('',(2.099218633799,14.423171619492,
    67.045481815876));
#1115 = CARTESIAN_POINT('',(-4.284075691641,12.545062831447,
    67.62984922333));
#1116 = CARTESIAN_POINT('',(-8.414570696085,8.414570696083,
    68.214225463061));
#1117 = CARTESIAN_POINT('',(-12.5450670309,4.284080308935,
    68.798603033753));
#1118 = CARTESIAN_POINT('',(-14.42315297665,-2.099233950269,
    69.382968223059));
#1119 = CARTESIAN_POINT('',(-12.66254635657,-9.353321964834,
    69.967363294415));
#1120 = CARTESIAN_POINT('',(-6.868226722896,-15.12441361422,
    70.551714583335));
#1121 = CARTESIAN_POINT('',(1.663932773515,-16.89461314459,
    71.136102104961));
#1122 = CARTESIAN_POINT('',(9.686949761417,-13.49384714395,
    71.720484146911));
#1123 = CARTESIAN_POINT('',(14.243942075188,-6.703292764472,
    72.304840256265));
#1124 = CARTESIAN_POINT('',(14.555571873994,0.754938215229,
    72.889231621179));
#1125 = CARTESIAN_POINT('',(11.468231210716,6.649178782862,
    73.473599268692));
#1126 = CARTESIAN_POINT('',(6.611285772952,9.894488386431,
    74.057975463114));
#1127 = CARTESIAN_POINT('',(1.754341740121,13.139799692358,
    74.642353033598));
#1128 = CARTESIAN_POINT('',(-4.872715316784,13.736475909649,
    75.22671822336));
#1129 = CARTESIAN_POINT('',(-11.64394075315,10.594496484217,
    75.811113293978));
#1130 = CARTESIAN_POINT('',(-16.17372680925,3.785628950696,
    76.395464583837));
#1131 = CARTESIAN_POINT('',(-16.24537071122,-4.927936291074,
    76.979852104493));
#1132 = CARTESIAN_POINT('',(-11.34473650527,-12.13333672232,
    77.564234147266));
#1133 = CARTESIAN_POINT('',(-3.795635628105,-15.27799626627,
    78.148590256055));
#1134 = CARTESIAN_POINT('',(3.580083493396,-14.12860950238,
    78.73298162126));
#1135 = CARTESIAN_POINT('',(8.75875759683,-9.95068193383,79.317349268691
    ));
#1136 = CARTESIAN_POINT('',(10.994166436879,-4.553932845142,
    79.90172546309));
#1137 = CARTESIAN_POINT('',(13.229577220826,0.84281519764,
    80.486103033665));
#1138 = CARTESIAN_POINT('',(12.521913776346,7.458940967055,
    81.070468223227));
#1139 = CARTESIAN_POINT('',(8.119306054212,13.487089426922,
    81.654863294185));
#1140 = CARTESIAN_POINT('',(0.557551580236,16.601492755345,
    82.239214583574));
#1141 = CARTESIAN_POINT('',(-8.002561980229,14.971827789751,
    82.823602104773));
#1142 = CARTESIAN_POINT('',(-14.11344635745,8.75965400667,
    83.407984147012));
#1143 = CARTESIAN_POINT('',(-15.72492562901,0.742114342105,
    83.992340256251));
#1144 = CARTESIAN_POINT('',(-13.15869259087,-6.267648170188,
    84.576731621134));
#1145 = CARTESIAN_POINT('',(-8.050733530677,-10.53174226844,
    85.161099268757));
#1146 = CARTESIAN_POINT('',(-2.321574831981,-11.67134483675,
    85.745475463062));
#1147 = CARTESIAN_POINT('',(3.407583295542,-12.81094952103,
    86.329852988325));
#1148 = CARTESIAN_POINT('',(9.758523375329,-10.82614149719,
    86.914218417777));
#1149 = CARTESIAN_POINT('',(14.811937653394,-5.332095302077,
    87.498612791542));
#1150 = CARTESIAN_POINT('',(16.391271062702,2.691952290953,
    88.082965535578));
#1151 = CARTESIAN_POINT('',(13.122928272376,10.769653542965,
    88.667350690819));
#1152 = CARTESIAN_POINT('',(5.837940097365,15.551184352566,
    89.251735843913));
#1153 = CARTESIAN_POINT('',(-2.339923212816,15.567554733515,
    89.836088589755));
#1154 = CARTESIAN_POINT('',(-8.714352871164,11.683094651276,
    90.420482962265));
#1155 = CARTESIAN_POINT('',(-11.8999965348,5.841399855745,
    91.004848392412));
#1156 = CARTESIAN_POINT('',(-11.90000075482,5.030502003844E-08,
    91.589225917387));
#1157 = CARTESIAN_POINT('',(11.9,-7.327471962526E-15,1.42108547152E-14)
  );
#1158 = CARTESIAN_POINT('',(11.899999995066,5.841399619163,
    0.584377570557));
#1159 = CARTESIAN_POINT('',(8.714339583676,11.683092698717,
    1.168742760171));
#1160 = CARTESIAN_POINT('',(2.339948959365,15.567562164565,
    1.753137831024));
#1161 = CARTESIAN_POINT('',(-5.837972492264,15.551163488372,
    2.337489120578));
#1162 = CARTESIAN_POINT('',(-13.12290083814,10.769686281814,
    2.92187664156));
#1163 = CARTESIAN_POINT('',(-16.39128398025,2.691916206575,
    3.506258684049));
#1164 = CARTESIAN_POINT('',(-14.81193463035,-5.332068241012,
    4.090614793033));
#1165 = CARTESIAN_POINT('',(-9.758521933047,-10.82615421703,
    4.67500615814));
#1166 = CARTESIAN_POINT('',(-3.40758408175,-12.81094537424,5.2593738056)
  );
#1167 = CARTESIAN_POINT('',(2.321574831992,-11.67134483679,
    5.843749999999));
#1168 = CARTESIAN_POINT('',(8.050733594455,-10.53174429923,
    6.428127570559));
#1169 = CARTESIAN_POINT('',(13.15868866403,-6.26763767537,7.012492760165
    ));
#1170 = CARTESIAN_POINT('',(15.724937218741,0.742093219456,7.59688783103
    ));
#1171 = CARTESIAN_POINT('',(14.113420309118,8.759678980477,
    8.181239120574));
#1172 = CARTESIAN_POINT('',(8.00259882945,14.971809542978,8.765626641559
    ));
#1173 = CARTESIAN_POINT('',(-0.557589078467,16.601496854324,
    9.350008684058));
#1174 = CARTESIAN_POINT('',(-8.119279141614,13.487092549596,
    9.934364793021));
#1175 = CARTESIAN_POINT('',(-12.52192588576,7.458936758026,
    10.518756158152));
#1176 = CARTESIAN_POINT('',(-13.22957332691,0.842816850724,
    11.103123805591));
#1177 = CARTESIAN_POINT('',(-10.99416643688,-4.553932845145,
    11.687500000004));
#1178 = CARTESIAN_POINT('',(-8.758759576247,-9.950682392619,
    12.271877570544));
#1179 = CARTESIAN_POINT('',(-3.580073966133,-14.12860360345,
    12.856242760194));
#1180 = CARTESIAN_POINT('',(3.795617172028,-15.27801175426,
    13.440637830992));
#1181 = CARTESIAN_POINT('',(11.34475591795,-12.13330630224,
    14.024989120608));
#1182 = CARTESIAN_POINT('',(16.245360003369,-4.927975992026,
    14.609376641543));
#1183 = CARTESIAN_POINT('',(16.173723514503,3.785666527967,
    15.19375868405));
#1184 = CARTESIAN_POINT('',(11.643949065807,10.594470698119,
    15.778114793044));
#1185 = CARTESIAN_POINT('',(4.872708826413,13.736486965088,
    16.362506158124));
#1186 = CARTESIAN_POINT('',(-1.754339359217,13.13979619586,
    16.946873805615));
#1187 = CARTESIAN_POINT('',(-6.611285772934,9.8944883864,17.531249999989
    ));
#1188 = CARTESIAN_POINT('',(-11.46823204683,6.649180634722,
    18.11562757059));
#1189 = CARTESIAN_POINT('',(-14.55556422982,0.75493002209,
    18.699992760104));
#1190 = CARTESIAN_POINT('',(-14.24396086604,-6.703277685262,
    19.284387831121));
#1191 = CARTESIAN_POINT('',(-9.686916138689,-13.49386024772,
    19.868739120466));
#1192 = CARTESIAN_POINT('',(-1.663973800766,-16.89461038933,
    20.453126641667));
#1193 = CARTESIAN_POINT('',(6.868262935724,-15.12440305034,
    21.037508683961));
#1194 = CARTESIAN_POINT('',(12.662522687208,-9.353335149426,
    21.621864793095));
#1195 = CARTESIAN_POINT('',(14.423162553828,-2.099225427246,
    22.206256158106));
#1196 = CARTESIAN_POINT('',(12.545064065886,4.284077291428,
    22.790623805612));
#1197 = CARTESIAN_POINT('',(8.41457069612,8.41457069612,23.374999999999)
  );
#1198 = CARTESIAN_POINT('',(4.284077410301,12.54506397496,
    23.959377570566));
#1199 = CARTESIAN_POINT('',(-2.099225459315,14.423162685677,
    24.543742760142));
#1200 = CARTESIAN_POINT('',(-9.353334996306,12.662522549895,
    25.128137831081));
#1201 = CARTESIAN_POINT('',(-15.12440309563,6.868263220324,
    25.712489120492));
#1202 = CARTESIAN_POINT('',(-16.8946103726,-1.663973970384,
    26.296876641664));
#1203 = CARTESIAN_POINT('',(-13.49386025885,-9.686915850722,
    26.881258683948));
#1204 = CARTESIAN_POINT('',(-6.703277808645,-14.24396103059,
    27.465614793113));
#1205 = CARTESIAN_POINT('',(0.754930027825,-14.55556409424,
    28.050006158089));
#1206 = CARTESIAN_POINT('',(6.649180535869,-11.46823215921,
    28.634373805624));
#1207 = CARTESIAN_POINT('',(9.894488386401,-6.611285772932,
    29.218749999992));
#1208 = CARTESIAN_POINT('',(13.139796129872,-1.754339493546,
    29.803127570584));
#1209 = CARTESIAN_POINT('',(13.736487088142,4.872708883588,
    30.387492760112));
#1210 = CARTESIAN_POINT('',(10.594470593337,11.643948888854,
    30.971887831115));
#1211 = CARTESIAN_POINT('',(3.785666798225,16.173723614416,
    31.55623912046));
#1212 = CARTESIAN_POINT('',(-4.927976155077,16.245359953911,
    32.140626641697));
#1213 = CARTESIAN_POINT('',(-12.13330602202,11.344755985021,
    32.725008683909));
#1214 = CARTESIAN_POINT('',(-15.2780119397,3.795617260942,
    33.309364793156));
#1215 = CARTESIAN_POINT('',(-14.12860346937,-3.580073945304,
    33.893756158053));
#1216 = CARTESIAN_POINT('',(-9.950682522115,-8.758759501218,
    34.478123805649));
#1217 = CARTESIAN_POINT('',(-4.553932845143,-10.99416643688,
    35.062499999978));
#1218 = CARTESIAN_POINT('',(0.842816706098,-13.22957328839,
    35.646877570629));
#1219 = CARTESIAN_POINT('',(7.458936838122,-12.5219259953,
    36.231242760019));
#1220 = CARTESIAN_POINT('',(13.487092355572,-8.119279073344,
    36.815637831258));
#1221 = CARTESIAN_POINT('',(16.601497005088,-0.557589324082,
    37.399989120291));
#1222 = CARTESIAN_POINT('',(14.971809462608,8.002598979774,
    37.984376641847));
#1223 = CARTESIAN_POINT('',(8.75967910097,14.113420047315,
    38.568758683811));
#1224 = CARTESIAN_POINT('',(0.742093270462,15.724937417989,
    39.153114793192));
#1225 = CARTESIAN_POINT('',(-6.267637628775,13.158688536579,
    39.737506158063));
#1226 = CARTESIAN_POINT('',(-10.5317442509,8.050733736102,
    40.321873805618));
#1227 = CARTESIAN_POINT('',(-11.67134483679,2.321574831992,
    40.906250000008));
#1228 = CARTESIAN_POINT('',(-12.81094536468,-3.407583932398,
    41.490627570545));
#1229 = CARTESIAN_POINT('',(-10.82615430884,-9.758522032951,
    42.074992760183));
#1230 = CARTESIAN_POINT('',(-5.33206821192,-14.81193442678,
    42.659387831019));
#1231 = CARTESIAN_POINT('',(2.69191599512,-16.39128417596,
    43.243739120563));
#1232 = CARTESIAN_POINT('',(10.769686413528,-13.12290073008,
    43.828126641601));
#1233 = CARTESIAN_POINT('',(15.551163255151,-5.837972661435,
    44.412508683989));
#1234 = CARTESIAN_POINT('',(15.567562369903,2.33994894816,
    44.996864793097));
#1235 = CARTESIAN_POINT('',(11.68309258282,8.714339513132,
    45.581256158086));
#1236 = CARTESIAN_POINT('',(5.841399767512,11.899999975303,
    46.165623805637));
#1237 = CARTESIAN_POINT('',(-1.976923832969E-12,11.9,46.74999999998));
#1238 = CARTESIAN_POINT('',(-5.841399619152,11.899999995065,
    47.334377570616));
#1239 = CARTESIAN_POINT('',(-11.68309269874,8.714339583685,
    47.91874276006));
#1240 = CARTESIAN_POINT('',(-15.56756216451,2.339948959339,
    48.503137831169));
#1241 = CARTESIAN_POINT('',(-15.55116348843,-5.837972492219,
    49.087489120432));
#1242 = CARTESIAN_POINT('',(-10.76968628175,-13.12290083819,
    49.671876641681));
#1243 = CARTESIAN_POINT('',(-2.691916206617,-16.39128398022,
    50.256258683965));
#1244 = CARTESIAN_POINT('',(5.332068241034,-14.81193463037,
    50.84061479308));
#1245 = CARTESIAN_POINT('',(10.82615421703,-9.758521933041,
    51.425006158127));
#1246 = CARTESIAN_POINT('',(12.810945374246,-3.407584081751,
    52.009373805592));
#1247 = CARTESIAN_POINT('',(11.671344836799,2.321574831991,
    52.593750000013));
#1248 = CARTESIAN_POINT('',(10.53174429923,8.050733594459,
    53.178127570521));
#1249 = CARTESIAN_POINT('',(6.267637675373,13.15868866402,
    53.762492760242));
#1250 = CARTESIAN_POINT('',(-0.742093219462,15.724937218763,
    54.346887830912));
#1251 = CARTESIAN_POINT('',(-8.759678980469,14.113420309081,
    54.931239120722));
#1252 = CARTESIAN_POINT('',(-14.97180954298,8.002598829497,
    55.515626641403));
#1253 = CARTESIAN_POINT('',(-16.60149685432,-0.557589078511,
    56.100008684196));
#1254 = CARTESIAN_POINT('',(-13.48709254958,-8.119279141584,
    56.684364792917));
#1255 = CARTESIAN_POINT('',(-7.458936758033,-12.52192588577,
    57.268756158214));
#1256 = CARTESIAN_POINT('',(-0.842816850721,-13.22957332691,
    57.853123805566));
#1257 = CARTESIAN_POINT('',(4.553932845144,-10.99416643688,
    58.43750000001));
#1258 = CARTESIAN_POINT('',(9.950682395418,-8.758759580431,
    59.021877525089));
#1259 = CARTESIAN_POINT('',(14.128603591461,-3.580073948196,
    59.606242954999));
#1260 = CARTESIAN_POINT('',(15.278011785232,3.795617125703,
    60.190637327931));
#1261 = CARTESIAN_POINT('',(12.133306243625,11.344756005667,
    60.774990073154));
#1262 = CARTESIAN_POINT('',(4.927976079063,16.245359873112,
    61.35937522702));
#1263 = CARTESIAN_POINT('',(-3.785666632398,16.173723670805,
    61.943760381441));
#1264 = CARTESIAN_POINT('',(-10.59447059557,11.643948912322,
    62.528113126203));
#1265 = CARTESIAN_POINT('',(-13.73648704761,4.872708949922,
    63.112507499446));
#1266 = CARTESIAN_POINT('',(-13.13979614194,-1.754339439916,
    63.696872929193));
#1267 = CARTESIAN_POINT('',(-9.894488414353,-6.611285731099,
    64.281250454333));
#1268 = CARTESIAN_POINT('',(-6.649180580799,-11.46823212753,
    64.865626694158));
#1269 = CARTESIAN_POINT('',(-0.75493010462,-14.5555641063,
    65.449994101435));
#1270 = CARTESIAN_POINT('',(6.703277787823,-14.24396101954,
    66.034386164307));
#1271 = CARTESIAN_POINT('',(13.493860143285,-9.68691598236,
    66.618740817764));
#1272 = CARTESIAN_POINT('',(16.894610476367,-1.663973931052,
    67.2031252273));
#1273 = CARTESIAN_POINT('',(15.12440299173,6.868263023462,
    67.787509636322));
#1274 = CARTESIAN_POINT('',(9.353335180383,12.662522640876,
    68.371864290207));
#1275 = CARTESIAN_POINT('',(2.099225415257,14.423162571765,
    68.956256352779));
#1276 = CARTESIAN_POINT('',(-4.284077288629,12.545064061705,
    69.540623760237));
#1277 = CARTESIAN_POINT('',(-8.414570696122,8.414570696118,
    70.124999999967));
#1278 = CARTESIAN_POINT('',(-12.54506397495,4.28407741031,
    70.709377570659));
#1279 = CARTESIAN_POINT('',(-14.4231626857,-2.099225459332,
    71.293742759965));
#1280 = CARTESIAN_POINT('',(-12.66252254984,-9.35333499629,
    71.878137831325));
#1281 = CARTESIAN_POINT('',(-6.868263220401,-15.12440309564,
    72.462489120233));
#1282 = CARTESIAN_POINT('',(1.663973970468,-16.8946103726,
    73.046876641881));
#1283 = CARTESIAN_POINT('',(9.686915850656,-13.49386025885,
    73.631258683803));
#1284 = CARTESIAN_POINT('',(14.243961030632,-6.703277808642,
    74.215614793182));
#1285 = CARTESIAN_POINT('',(14.555564094236,0.754930027821,
    74.800006158081));
#1286 = CARTESIAN_POINT('',(11.468232159211,6.649180535871,75.3843738056
    ));
#1287 = CARTESIAN_POINT('',(6.611285772935,9.894488386399,75.96875000002
    ));
#1288 = CARTESIAN_POINT('',(1.754339493538,13.139796129879,
    76.553127570504));
#1289 = CARTESIAN_POINT('',(-4.872708883574,13.73648708812,
    77.137492760266));
#1290 = CARTESIAN_POINT('',(-11.64394888886,10.59447059338,
    77.721887830888));
#1291 = CARTESIAN_POINT('',(-16.17372361441,3.785666798164,
    78.306239120733));
#1292 = CARTESIAN_POINT('',(-16.2453599539,-4.927976155015,
    78.890626641416));
#1293 = CARTESIAN_POINT('',(-11.34475598503,-12.13330602207,
    79.475008684155));
#1294 = CARTESIAN_POINT('',(-3.795617260931,-15.27801193967,
    80.059364792974));
#1295 = CARTESIAN_POINT('',(3.580073945298,-14.12860346938,
    80.643756158161));
#1296 = CARTESIAN_POINT('',(8.75875950122,-9.950682522111,
    81.228123805598));
#1297 = CARTESIAN_POINT('',(10.994166436885,-4.553932845144,
    81.812499999996));
#1298 = CARTESIAN_POINT('',(13.229573288402,0.842816706105,
    82.396877570571));
#1299 = CARTESIAN_POINT('',(12.5219259953,7.458936838105,82.981242760133
    ));
#1300 = CARTESIAN_POINT('',(8.119279073363,13.487092355603,
    83.565637831096));
#1301 = CARTESIAN_POINT('',(0.557589324046,16.601497005043,
    84.149989120469));
#1302 = CARTESIAN_POINT('',(-8.002598979725,14.971809462659,
    84.734376641697));
#1303 = CARTESIAN_POINT('',(-14.11342004736,8.759679100926,85.3187586839
    ));
#1304 = CARTESIAN_POINT('',(-15.72493741796,0.74209327049,
    85.903114793171));
#1305 = CARTESIAN_POINT('',(-13.15868853658,-6.267637628787,
    86.487506158034));
#1306 = CARTESIAN_POINT('',(-8.050733736103,-10.5317442509,
    87.071873805665));
#1307 = CARTESIAN_POINT('',(-2.321574831989,-11.67134483679,
    87.656249999969));
#1308 = CARTESIAN_POINT('',(3.407583932385,-12.81094536971,
    88.240627525232));
#1309 = CARTESIAN_POINT('',(9.758522032983,-10.82615428729,
    88.82499295468));
#1310 = CARTESIAN_POINT('',(14.81193442673,-5.332068267584,
    89.40938732846));
#1311 = CARTESIAN_POINT('',(16.391284176045,2.691916100525,
    89.993740072463));
#1312 = CARTESIAN_POINT('',(13.122900729994,10.769686256987,
    90.578125227755));
#1313 = CARTESIAN_POINT('',(5.837972661509,15.551163443021,
    91.162510380791));
#1314 = CARTESIAN_POINT('',(-2.339948948205,15.567562185389,
    91.74686312668));
#1315 = CARTESIAN_POINT('',(-8.714339513113,11.68309273132,
    92.331257499164));
#1316 = CARTESIAN_POINT('',(-11.8999999753,5.841399670471,
    92.915622929321));
#1317 = CARTESIAN_POINT('',(-11.9,5.030921002014E-08,93.500000454294));
#1318 = DEFINITIONAL_REPRESENTATION('',(#1319),#1322);
#1319 = B_SPLINE_CURVE_WITH_KNOTS('',1,(#1320,#1321),.UNSPECIFIED.,.F.,
  .F.,(2,2),(0.,122.10959319677),.PIECEWISE_BEZIER_KNOTS.);
#1320 = CARTESIAN_POINT('',(6.28318530718,0.));
#1321 = CARTESIAN_POINT('',(6.28318530718,122.10959319677));
#1322 = ( GEOMETRIC_REPRESENTATION_CONTEXT(2) 
PARAMETRIC_REPRESENTATION_CONTEXT() REPRESENTATION_CONTEXT('2D SPACE',''
  ) );
#1323 = PCURVE('',#190,#1324);
#1324 = DEFINITIONAL_REPRESENTATION('',(#1325),#1329);
#1325 = LINE('',#1326,#1327);
#1326 = CARTESIAN_POINT('',(0.,0.));
#1327 = VECTOR('',#1328,1.);
#1328 = DIRECTION('',(0.,1.));
#1329 = ( GEOMETRIC_REPRESENTATION_CONTEXT(2) 
PARAMETRIC_REPRESENTATION_CONTEXT() REPRESENTATION_CONTEXT('2D SPACE',''
  ) );
#1330 = ORIENTED_EDGE('',*,*,#1331,.F.);
#1331 = EDGE_CURVE('',#24,#24,#1332,.T.);
#1332 = SURFACE_CURVE('',#1333,(#1341,#1348),.PCURVE_S1.);
#1333 = ( BOUNDED_CURVE() B_SPLINE_CURVE(6,(#1334,#1335,#1336,#1337,
#1338,#1339,#1340),.UNSPECIFIED.,.T.,.F.) B_SPLINE_CURVE_WITH_KNOTS((1,6
    ,6,1),(-6.28318530718,0.,6.28318530718,12.566370614359),
.UNSPECIFIED.) CURVE() GEOMETRIC_REPRESENTATION_ITEM() 
RATIONAL_B_SPLINE_CURVE((1.669078461068,1.03672962321,1.038346699848,
    0.853534330196,1.038346699848,1.03672962321,1.669078461068)) 
REPRESENTATION_ITEM('') );
#1334 = CARTESIAN_POINT('',(-11.9,5.030921002014E-08,93.500000454294));
#1335 = CARTESIAN_POINT('',(-11.89999924517,5.031341554496E-08,
    95.4107749912));
#1336 = CARTESIAN_POINT('',(-9.53726871766,-5.304834660436E-08,
    95.685128761658));
#1337 = CARTESIAN_POINT('',(-7.588515540841,-1.383052805615E-07,
    93.499998751093));
#1338 = CARTESIAN_POINT('',(-9.537270444079,-5.305794947841E-08,
    91.314870280193));
#1339 = CARTESIAN_POINT('',(-11.90000075482,5.030502003844E-08,
    91.589225917387));
#1340 = CARTESIAN_POINT('',(-11.9,5.030921002014E-08,93.500000454294));
#1341 = PCURVE('',#190,#1342);
#1342 = DEFINITIONAL_REPRESENTATION('',(#1343),#1347);
#1343 = LINE('',#1344,#1345);
#1344 = CARTESIAN_POINT('',(0.,122.10959319677));
#1345 = VECTOR('',#1346,1.);
#1346 = DIRECTION('',(1.,0.));
#1347 = ( GEOMETRIC_REPRESENTATION_CONTEXT(2) 
PARAMETRIC_REPRESENTATION_CONTEXT() REPRESENTATION_CONTEXT('2D SPACE',''
  ) );
#1348 = PCURVE('',#1349,#1354);
#1349 = PLANE('',#1350);
#1350 = AXIS2_PLACEMENT_3D('',#1351,#1352,#1353);
#1351 = CARTESIAN_POINT('',(-10.75018218672,8.136942583325E-12,
    93.500000000072));
#1352 = DIRECTION('',(4.374699534232E-08,1.,-2.214362341159E-12));
#1353 = DIRECTION('',(1.,-4.374699534232E-08,-1.203706215242E-35));
#1354 = DEFINITIONAL_REPRESENTATION('',(#1355),#1363);
#1355 = ( BOUNDED_CURVE() B_SPLINE_CURVE(6,(#1356,#1357,#1358,#1359,
#1360,#1361,#1362),.UNSPECIFIED.,.T.,.F.) B_SPLINE_CURVE_WITH_KNOTS((1,6
    ,6,1),(-6.28318530718,0.,6.28318530718,12.566370614359),
.UNSPECIFIED.) CURVE() GEOMETRIC_REPRESENTATION_ITEM() 
RATIONAL_B_SPLINE_CURVE((1.669078461068,1.03672962321,1.038346699848,
    0.853534330196,1.038346699848,1.03672962321,1.669078461068)) 
REPRESENTATION_ITEM('') );
#1356 = CARTESIAN_POINT('',(-1.14981781328,-4.542219187442E-07));
#1357 = CARTESIAN_POINT('',(-1.149817058451,-1.910774991129));
#1358 = CARTESIAN_POINT('',(1.21291346906,-2.185128761586));
#1359 = CARTESIAN_POINT('',(3.16166664588,1.248978648505E-06));
#1360 = CARTESIAN_POINT('',(1.212911742641,2.185129719879));
#1361 = CARTESIAN_POINT('',(-1.149818568109,1.910774082685));
#1362 = CARTESIAN_POINT('',(-1.14981781328,-4.542219187442E-07));
#1363 = ( GEOMETRIC_REPRESENTATION_CONTEXT(2) 
PARAMETRIC_REPRESENTATION_CONTEXT() REPRESENTATION_CONTEXT('2D SPACE',''
  ) );
#1364 = ORIENTED_EDGE('',*,*,#21,.F.);
#1365 = ORIENTED_EDGE('',*,*,#1366,.T.);
#1366 = EDGE_CURVE('',#22,#22,#1367,.T.);
#1367 = SURFACE_CURVE('',#1368,(#1376,#1383),.PCURVE_S1.);
#1368 = ( BOUNDED_CURVE() B_SPLINE_CURVE(6,(#1369,#1370,#1371,#1372,
#1373,#1374,#1375),.UNSPECIFIED.,.T.,.F.) B_SPLINE_CURVE_WITH_KNOTS((1,6
    ,6,1),(-6.28318530718,0.,6.28318530718,12.566370614359),
.UNSPECIFIED.) CURVE() GEOMETRIC_REPRESENTATION_ITEM() 
RATIONAL_B_SPLINE_CURVE((1.669078461068,1.03672962321,1.038346699848,
    0.853534330196,1.038346699848,1.03672962321,1.669078461068)) 
REPRESENTATION_ITEM('') );
#1369 = CARTESIAN_POINT('',(11.9,-7.327471962526E-15,1.42108547152E-14)
  );
#1370 = CARTESIAN_POINT('',(11.9,-5.218048215738E-15,1.910774536907));
#1371 = CARTESIAN_POINT('',(9.53726958087,1.887379141863E-15,
    2.185129240732));
#1372 = CARTESIAN_POINT('',(7.58851554084,-2.109423746788E-15,0.));
#1373 = CARTESIAN_POINT('',(9.53726958087,-7.105427357601E-15,
    -2.185129240732));
#1374 = CARTESIAN_POINT('',(11.9,-1.665334536938E-15,-1.910774536907));
#1375 = CARTESIAN_POINT('',(11.9,-7.327471962526E-15,1.42108547152E-14)
  );
#1376 = PCURVE('',#190,#1377);
#1377 = DEFINITIONAL_REPRESENTATION('',(#1378),#1382);
#1378 = LINE('',#1379,#1380);
#1379 = CARTESIAN_POINT('',(0.,0.));
#1380 = VECTOR('',#1381,1.);
#1381 = DIRECTION('',(1.,0.));
#1382 = ( GEOMETRIC_REPRESENTATION_CONTEXT(2) 
PARAMETRIC_REPRESENTATION_CONTEXT() REPRESENTATION_CONTEXT('2D SPACE',''
  ) );
#1383 = PCURVE('',#1384,#1389);
#1384 = PLANE('',#1385);
#1385 = AXIS2_PLACEMENT_3D('',#1386,#1387,#1388);
#1386 = CARTESIAN_POINT('',(10.75018218672,-4.505915698768E-15,
    4.689762914172E-15));
#1387 = DIRECTION('',(-1.745184148821E-15,-1.,3.986928848101E-16));
#1388 = DIRECTION('',(-1.,1.745184148821E-15,0.));
#1389 = DEFINITIONAL_REPRESENTATION('',(#1390),#1398);
#1390 = ( BOUNDED_CURVE() B_SPLINE_CURVE(6,(#1391,#1392,#1393,#1394,
#1395,#1396,#1397),.UNSPECIFIED.,.T.,.F.) B_SPLINE_CURVE_WITH_KNOTS((1,6
    ,6,1),(-6.28318530718,0.,6.28318530718,12.566370614359),
.UNSPECIFIED.) CURVE() GEOMETRIC_REPRESENTATION_ITEM() 
RATIONAL_B_SPLINE_CURVE((1.669078461068,1.03672962321,1.038346699848,
    0.853534330196,1.038346699848,1.03672962321,1.669078461068)) 
REPRESENTATION_ITEM('') );
#1391 = CARTESIAN_POINT('',(-1.14981781328,-9.52109180103E-15));
#1392 = CARTESIAN_POINT('',(-1.14981781328,-1.910774536907));
#1393 = CARTESIAN_POINT('',(1.21291260585,-2.185129240732));
#1394 = CARTESIAN_POINT('',(3.16166664588,4.689762914172E-15));
#1395 = CARTESIAN_POINT('',(1.21291260585,2.185129240732));
#1396 = CARTESIAN_POINT('',(-1.14981781328,1.910774536907));
#1397 = CARTESIAN_POINT('',(-1.14981781328,-9.52109180103E-15));
#1398 = ( GEOMETRIC_REPRESENTATION_CONTEXT(2) 
PARAMETRIC_REPRESENTATION_CONTEXT() REPRESENTATION_CONTEXT('2D SPACE',''
  ) );
#1399 = ADVANCED_FACE('',(#1400),#1384,.T.);
#1400 = FACE_BOUND('',#1401,.T.);
#1401 = EDGE_LOOP('',(#1402));
#1402 = ORIENTED_EDGE('',*,*,#1366,.T.);
#1403 = ADVANCED_FACE('',(#1404),#1349,.F.);
#1404 = FACE_BOUND('',#1405,.F.);
#1405 = EDGE_LOOP('',(#1406));
#1406 = ORIENTED_EDGE('',*,*,#1331,.T.);
#1407 = ( GEOMETRIC_REPRESENTATION_CONTEXT(3) 
GLOBAL_UNCERTAINTY_ASSIGNED_CONTEXT((#1411)) 
GLOBAL_UNIT_ASSIGNED_CONTEXT((#1408,#1409,#1410)) REPRESENTATION_CONTEXT
('Context #1','3D Context with UNIT and UNCERTAINTY') );
#1408 = ( LENGTH_UNIT() NAMED_UNIT(*) SI_UNIT(.MILLI.,.METRE.) );
#1409 = ( NAMED_UNIT(*) PLANE_ANGLE_UNIT() SI_UNIT($,.RADIAN.) );
#1410 = ( NAMED_UNIT(*) SI_UNIT($,.STERADIAN.) SOLID_ANGLE_UNIT() );
#1411 = UNCERTAINTY_MEASURE_WITH_UNIT(LENGTH_MEASURE(1.E-05),#1408,
  'distance_accuracy_value','confusion accuracy');
#1412 = PRODUCT_RELATED_PRODUCT_CATEGORY('part',$,(#7));
ENDSEC;
END-ISO-10303-21;
