ISO-10303-21;
HEADER;
FILE_DESCRIPTION(('Open CASCADE Model'),'2;1');
FILE_NAME('Open CASCADE Shape Model','2026-05-13T07:24:17',('Author'),(
    'Open CASCADE'),'Open CASCADE STEP processor 7.8','Open CASCADE 7.8'
  ,'Unknown');
FILE_SCHEMA(('AUTOMOTIVE_DESIGN { 1 0 10303 214 1 1 1 1 }'));
ENDSEC;
DATA;
#1 = APPLICATION_PROTOCOL_DEFINITION('international standard',
  'automotive_design',2000,#2);
#2 = APPLICATION_CONTEXT(
  'core data for automotive mechanical design processes');
#3 = SHAPE_DEFINITION_REPRESENTATION(#4,#10);
#4 = PRODUCT_DEFINITION_SHAPE('','',#5);
#5 = PRODUCT_DEFINITION('design','',#6,#9);
#6 = PRODUCT_DEFINITION_FORMATION('','',#7);
#7 = PRODUCT('Open CASCADE STEP translator 7.8 2',
  'Open CASCADE STEP translator 7.8 2','',(#8));
#8 = PRODUCT_CONTEXT('',#2,'mechanical');
#9 = PRODUCT_DEFINITION_CONTEXT('part definition',#2,'design');
#10 = ADVANCED_BREP_SHAPE_REPRESENTATION('',(#11,#15),#1407);
#11 = AXIS2_PLACEMENT_3D('',#12,#13,#14);
#12 = CARTESIAN_POINT('',(0.,0.,0.));
#13 = DIRECTION('',(0.,0.,1.));
#14 = DIRECTION('',(1.,0.,-0.));
#15 = MANIFOLD_SOLID_BREP('',#16);
#16 = CLOSED_SHELL('',(#17,#1399,#1403));
#17 = ADVANCED_FACE('',(#18),#190,.F.);
#18 = FACE_BOUND('',#19,.F.);
#19 = EDGE_LOOP('',(#20,#1330,#1364,#1365));
#20 = ORIENTED_EDGE('',*,*,#21,.T.);
#21 = EDGE_CURVE('',#22,#24,#26,.T.);
#22 = VERTEX_POINT('',#23);
#23 = CARTESIAN_POINT('',(11.9,4.996003610813E-15,7.105427357601E-15));
#24 = VERTEX_POINT('',#25);
#25 = CARTESIAN_POINT('',(-11.9,4.313545776125E-08,86.500000421039));
#26 = SEAM_CURVE('',#27,(#189,#1323),.PCURVE_S1.);
#27 = ( BOUNDED_CURVE() B_SPLINE_CURVE(10,(#28,#29,#30,#31,#32,#33,#34,
    #35,#36,#37,#38,#39,#40,#41,#42,#43,#44,#45,#46,#47,#48,#49,#50,#51,
    #52,#53,#54,#55,#56,#57,#58,#59,#60,#61,#62,#63,#64,#65,#66,#67,#68,
    #69,#70,#71,#72,#73,#74,#75,#76,#77,#78,#79,#80,#81,#82,#83,#84,#85,
    #86,#87,#88,#89,#90,#91,#92,#93,#94,#95,#96,#97,#98,#99,#100,#101,
    #102,#103,#104,#105,#106,#107,#108,#109,#110,#111,#112,#113,#114,
    #115,#116,#117,#118,#119,#120,#121,#122,#123,#124,#125,#126,#127,
    #128,#129,#130,#131,#132,#133,#134,#135,#136,#137,#138,#139,#140,
    #141,#142,#143,#144,#145,#146,#147,#148,#149,#150,#151,#152,#153,
    #154,#155,#156,#157,#158,#159,#160,#161,#162,#163,#164,#165,#166,
    #167,#168,#169,#170,#171,#172,#173,#174,#175,#176,#177,#178,#179,
    #180,#181,#182,#183,#184,#185,#186,#187,#188),.UNSPECIFIED.,.F.,.F.)
 B_SPLINE_CURVE_WITH_KNOTS((11,10,10,10,10,10,10,10,10,10,10,10,10,10,10
    ,10,11),(0.,7.302277242912,14.604554485824,21.906831728735,
    29.209108971647,36.511386214559,43.813663457471,51.115940700382,
    58.418217943294,65.720495186206,73.022772429118,80.325049672029,
    87.627326914941,94.929604157853,102.23188140076,109.53415864367,
116.83643588658),.PIECEWISE_BEZIER_KNOTS.) CURVE() 
GEOMETRIC_REPRESENTATION_ITEM() RATIONAL_B_SPLINE_CURVE((1.669078461068,
    1.669078461068,1.669078461068,1.669078461068,1.669078461068,
    1.669078461069,1.669078461068,1.669078461068,1.669078461068,
    1.669078461068,1.669078461068,1.669078461068,1.669078461068,
    1.669078461068,1.669078461068,1.669078461068,1.669078461068,
    1.669078461068,1.669078461068,1.669078461068,1.669078461068,
    1.669078461068,1.669078461068,1.669078461069,1.669078461067,
    1.66907846107,1.669078461067,1.669078461069,1.669078461068,
    1.669078461068,1.669078461068,1.669078461068,1.669078461069,
    1.669078461068,1.669078461069,1.669078461067,1.669078461069,
    1.669078461068,1.669078461068,1.669078461068,1.669078461068,
    1.669078461068,1.669078461068,1.669078461069,1.669078461067,
    1.66907846107,1.669078461067,1.669078461069,1.669078461068,
    1.669078461068,1.669078461068,1.669078461068,1.669078461069,
    1.669078461067,1.669078461069,1.669078461067,1.669078461069,
    1.669078461068,1.669078461069,1.669078461068,1.669078461068,
    1.669078461068,1.669078461068,1.669078461068,1.669078461068,
    1.669078461068,1.669078461068,1.669078461068,1.669078461068,
    1.669078461068,1.669078461068,1.669078461068,1.669078461069,
    1.669078461068,1.669078461069,1.669078461067,1.669078461069,
    1.669078461068,1.669078461068,1.669078461068,1.669078461068,
    1.669078461068,1.669078461068,1.669078461068,1.669078461068,
    1.669078461068,1.669078461068,1.669078461068,1.669078461068,
    1.669078461068,1.669078461068,1.669078461068,1.669078461068,
    1.669078461068,1.669078461068,1.669078461068,1.669078461068,
    1.669078461068,1.669078461068,1.669078461068,1.669078461068,
    1.669078461068,1.669078461068,1.669078461068,1.669078461069,
    1.669078461068,1.669078461069,1.669078461068,1.669078461068,
    1.669078461068,1.669078461068,1.669078461068,1.669078461068,
    1.669078461068,1.669078461069,1.669078461068,1.669078461069,
    1.669078461068,1.669078461068,1.669078461068,1.669078461068,
    1.669078461068,1.669078461068,1.669078461068,1.669078461069,
    1.669078461068,1.669078461069,1.669078461068,1.669078461068,
    1.669078461068,1.669078461068,1.669078461068,1.669078461068,
    1.669078461069,1.669078461067,1.669078461069,1.669078461067,
    1.669078461069,1.669078461068,1.669078461068,1.669078461068,
    1.669078461068,1.669078461068,1.669078461069,1.669078461067,
    1.669078461069,1.669078461067,1.669078461069,1.669078461068,
    1.669078461068,1.669078461068,1.669078461068,1.669078461069,
    1.669078461067,1.66907846107,1.669078461067,1.669078461069,
    1.669078461068,1.669078461069,1.669078461068,1.669078461068)) 
REPRESENTATION_ITEM('') );
#28 = CARTESIAN_POINT('',(11.9,4.996003610813E-15,7.105427357601E-15));
#29 = CARTESIAN_POINT('',(11.89999999577,5.841399659188,0.540627382272)
  );
#30 = CARTESIAN_POINT('',(8.714339583963,11.68309257703,1.08124329047));
#31 = CARTESIAN_POINT('',(2.339948905,15.567562408233,1.621886891184));
#32 = CARTESIAN_POINT('',(-5.837972343503,15.5511631839,2.162489917469)
  );
#33 = CARTESIAN_POINT('',(-13.12290110886,10.769686519716,2.703126521325
    ));
#34 = CARTESIAN_POINT('',(-16.39128368053,2.691916089908,3.24375804796)
  );
#35 = CARTESIAN_POINT('',(-14.8119348509,-5.332068231079,3.784365540671)
  );
#36 = CARTESIAN_POINT('',(-9.758521827895,-10.82615420667,4.325005707074
    ));
#37 = CARTESIAN_POINT('',(-3.407584099566,-12.81094538138,4.865623893084
    ));
#38 = CARTESIAN_POINT('',(2.321574831992,-11.67134483679,5.406250000003)
  );
#39 = CARTESIAN_POINT('',(8.050733633847,-10.53174429211,5.946877382263)
  );
#40 = CARTESIAN_POINT('',(13.158688544744,-6.267637699397,6.487493290489
    ));
#41 = CARTESIAN_POINT('',(15.724937447112,0.742093320329,7.028136891153)
  );
#42 = CARTESIAN_POINT('',(14.113420039526,8.759678775145,7.568739917509)
  );
#43 = CARTESIAN_POINT('',(8.002599009962,14.971809854946,8.109376521285)
  );
#44 = CARTESIAN_POINT('',(-0.557589134422,16.601496537575,8.65000804799)
  );
#45 = CARTESIAN_POINT('',(-8.119279174894,13.48709276786,9.190615540655)
  );
#46 = CARTESIAN_POINT('',(-12.52192585508,7.458936656912,9.731255707078)
  );
#47 = CARTESIAN_POINT('',(-13.22957333738,0.842816866806,10.271873893087
    ));
#48 = CARTESIAN_POINT('',(-10.99416643688,-4.553932845145,
    10.812499999999));
#49 = CARTESIAN_POINT('',(-8.758759561581,-9.950682429865,
    11.353127382276));
#50 = CARTESIAN_POINT('',(-3.580074012963,-14.12860349114,
    11.893743290461));
#51 = CARTESIAN_POINT('',(3.795617315496,-15.27801195856,12.434386891198
    ));
#52 = CARTESIAN_POINT('',(11.344755664005,-12.1333060779,12.974989917449
    ));
#53 = CARTESIAN_POINT('',(16.245360344517,-4.927976108186,
    13.515626521349));
#54 = CARTESIAN_POINT('',(16.173723192955,3.785666521031,14.056258047934
    ));
#55 = CARTESIAN_POINT('',(11.643949273371,10.594470773356,
    14.596865540694));
#56 = CARTESIAN_POINT('',(4.87270873323,13.73648691527,15.137505707058)
  );
#57 = CARTESIAN_POINT('',(-1.754339345488,13.139796209271,
    15.678123893093));
#58 = CARTESIAN_POINT('',(-6.611285772934,9.8944883864,16.21875));
#59 = CARTESIAN_POINT('',(-11.46823208051,6.649180613069,16.759377382275
    ));
#60 = CARTESIAN_POINT('',(-14.55556412879,0.754930089938,17.299993290457
    ));
#61 = CARTESIAN_POINT('',(-14.24396103846,-6.703277865842,
    17.840636891215));
#62 = CARTESIAN_POINT('',(-9.686915968149,-13.49385995488,
    18.381239917411));
#63 = CARTESIAN_POINT('',(-1.663973848194,-16.89461074659,18.92187652141
    ));
#64 = CARTESIAN_POINT('',(6.86826286623,-15.12440273632,19.46250804786)
  );
#65 = CARTESIAN_POINT('',(12.662522801473,-9.353335338324,
    20.003115540765));
#66 = CARTESIAN_POINT('',(14.423162486794,-2.099225345573,
    20.543755707004));
#67 = CARTESIAN_POINT('',(12.545064081718,4.284077280578,21.084373893126
    ));
#68 = CARTESIAN_POINT('',(8.414570696119,8.414570696121,21.624999999984)
  );
#69 = CARTESIAN_POINT('',(4.284077384898,12.545064007341,22.165627340222
    ));
#70 = CARTESIAN_POINT('',(-2.099225383351,14.423162584478,
    22.706243470836));
#71 = CARTESIAN_POINT('',(-9.353335180495,12.662522723423,
    23.246886425252));
#72 = CARTESIAN_POINT('',(-15.12440282541,6.868263035086,23.78749079987)
  );
#73 = CARTESIAN_POINT('',(-16.89461065762,-1.663973881994,
    24.328125210822));
#74 = CARTESIAN_POINT('',(-13.49386005397,-9.686915855226,
    24.868759620641));
#75 = CARTESIAN_POINT('',(-6.703277883697,-14.24396104797,
    25.409363996217));
#76 = CARTESIAN_POINT('',(0.754930024101,-14.55556411843,25.950006949963
    ));
#77 = CARTESIAN_POINT('',(6.649180574544,-11.46823210767,26.490623080949
    ));
#78 = CARTESIAN_POINT('',(9.894488362436,-6.611285808799,27.031250421034
    ));
#79 = CARTESIAN_POINT('',(13.139796198925,-1.754339391471,
    27.571876570104));
#80 = CARTESIAN_POINT('',(13.736486950014,4.87270867636,28.112494533444)
  );
#81 = CARTESIAN_POINT('',(10.594470771453,11.643949253252,
    28.653135346581));
#82 = CARTESIAN_POINT('',(3.785666663197,16.173723144602,29.193741490349
    ));
#83 = CARTESIAN_POINT('',(-4.927976173367,16.245360413799,
    29.734375210598));
#84 = CARTESIAN_POINT('',(-12.13330588788,11.344755646305,
    30.275008930573));
#85 = CARTESIAN_POINT('',(-15.27801209102,3.795617431438,30.815615074575
    ));
#86 = CARTESIAN_POINT('',(-14.12860338646,-3.580074010478,
    31.356255887538));
#87 = CARTESIAN_POINT('',(-9.950682538493,-8.758759493669,
    31.896873850994));
#88 = CARTESIAN_POINT('',(-4.553932845144,-10.99416643688,
    32.437499999995));
#89 = CARTESIAN_POINT('',(0.842816741971,-13.22957330859,32.978127340182
    ));
#90 = CARTESIAN_POINT('',(7.458936729183,-12.52192593086,33.518743470923
    ));
#91 = CARTESIAN_POINT('',(13.487092592205,-8.119279163203,
    34.059386425114));
#92 = CARTESIAN_POINT('',(16.601496684465,-0.557589256309,
    34.599990800045));
#93 = CARTESIAN_POINT('',(14.971809759853,8.002599007131,35.140625210637
    ));
#94 = CARTESIAN_POINT('',(8.759678909879,14.113419973121,35.681259620811
    ));
#95 = CARTESIAN_POINT('',(0.742093333196,15.724937462726,36.221863996083
    ));
#96 = CARTESIAN_POINT('',(-6.267637634609,13.158688560375,
    36.762506950051));
#97 = CARTESIAN_POINT('',(-10.53174426691,8.050733673677,37.303123080903
    ));
#98 = CARTESIAN_POINT('',(-11.67134482838,2.321574874301,37.843750421053
    ));
#99 = CARTESIAN_POINT('',(-12.81094538941,-3.407584053123,
    38.384376570108));
#100 = CARTESIAN_POINT('',(-10.82615426054,-9.758521788665,
    38.924994533391));
#101 = CARTESIAN_POINT('',(-5.332068237001,-14.81193483154,
    39.46563534669));
#102 = CARTESIAN_POINT('',(2.691915940032,-16.39128369033,
    40.006241490202));
#103 = CARTESIAN_POINT('',(10.769686606476,-13.12290114786,
    40.546875210755));
#104 = CARTESIAN_POINT('',(15.551163001553,-5.837972399915,
    41.087508930438));
#105 = CARTESIAN_POINT('',(15.567562574988,2.339948848595,
    41.628115074664));
#106 = CARTESIAN_POINT('',(11.683092481263,8.714339541601,
    42.168755887502));
#107 = CARTESIAN_POINT('',(5.841399785536,11.899999974598,
    42.709373850992));
#108 = CARTESIAN_POINT('',(4.577657697347E-13,11.9,43.25000000001));
#109 = CARTESIAN_POINT('',(-5.841399659188,11.899999995769,
    43.790627382251));
#110 = CARTESIAN_POINT('',(-11.68309257703,8.714339583967,
    44.331243290497));
#111 = CARTESIAN_POINT('',(-15.56756240823,2.33994890499,44.871886891163
    ));
#112 = CARTESIAN_POINT('',(-15.55116318389,-5.837972343483,
    45.412489917472));
#113 = CARTESIAN_POINT('',(-10.76968651972,-13.12290110889,
    45.953126521339));
#114 = CARTESIAN_POINT('',(-2.6919160899,-16.39128368051,46.493758047935
    ));
#115 = CARTESIAN_POINT('',(5.332068231073,-14.81193485091,
    47.034365540698));
#116 = CARTESIAN_POINT('',(10.826154206677,-9.758521827892,
    47.575005707051));
#117 = CARTESIAN_POINT('',(12.81094538138,-3.407584099567,
    48.115623893102));
#118 = CARTESIAN_POINT('',(11.671344836798,2.321574831993,
    48.656249999992));
#119 = CARTESIAN_POINT('',(10.531744296099,8.050733635495,
    49.196877340186));
#120 = CARTESIAN_POINT('',(6.267637682313,13.158688537674,
    49.737493470933));
#121 = CARTESIAN_POINT('',(-0.74209327621,15.724937465377,
    50.278136425064));
#122 = CARTESIAN_POINT('',(-8.759678858688,14.11342000493,
    50.818740800149));
#123 = CARTESIAN_POINT('',(-14.97180973088,8.002599061347,
    51.359375210496));
#124 = CARTESIAN_POINT('',(-16.60149668645,-0.557589196089,
    51.900009620949));
#125 = CARTESIAN_POINT('',(-13.48709262165,-8.119279114334,
    52.44061399598));
#126 = CARTESIAN_POINT('',(-7.458936774568,-12.52192590382,
    52.981256950108));
#127 = CARTESIAN_POINT('',(-0.842816789929,-13.22957330554,
    53.521873080881));
#128 = CARTESIAN_POINT('',(4.553932805291,-10.99416645339,
    54.062500421054));
#129 = CARTESIAN_POINT('',(9.950682506744,-8.758759529739,
    54.603126570052));
#130 = CARTESIAN_POINT('',(14.128603373484,-3.580074061699,
    55.143744533553));
#131 = CARTESIAN_POINT('',(15.278012104796,3.795617376065,
    55.684385346399));
#132 = CARTESIAN_POINT('',(12.133305928983,11.344755602315,
    56.224991490592));
#133 = CARTESIAN_POINT('',(4.927976232298,16.245360395934,56.76562521034
    ));
#134 = CARTESIAN_POINT('',(-3.785666604609,16.173723158333,
    57.306258930797));
#135 = CARTESIAN_POINT('',(-10.59447072921,11.643949291648,
    57.846865074416));
#136 = CARTESIAN_POINT('',(-13.73648693236,4.872708726158,
    58.387505887629));
#137 = CARTESIAN_POINT('',(-13.13979620528,-1.75433934384,
    58.928123850954));
#138 = CARTESIAN_POINT('',(-9.8944883864,-6.611285772933,59.468750000008
    ));
#139 = CARTESIAN_POINT('',(-6.649180613068,-11.46823208051,
    60.009377382243));
#140 = CARTESIAN_POINT('',(-0.754930089943,-14.55556412878,
    60.549993290533));
#141 = CARTESIAN_POINT('',(6.70327786585,-14.24396103848,61.090636891079
    ));
#142 = CARTESIAN_POINT('',(13.493859954873,-9.686915968115,
    61.631239917614));
#143 = CARTESIAN_POINT('',(16.894610746597,-1.663973848241,
    62.171876521151));
#144 = CARTESIAN_POINT('',(15.124402736328,6.868262866277,
    62.712508048139));
#145 = CARTESIAN_POINT('',(9.353335338314,12.662522801439,
    63.253115540516));
#146 = CARTESIAN_POINT('',(2.099225345583,14.423162486811,
    63.793755707187));
#147 = CARTESIAN_POINT('',(-4.284077280586,12.54506408171,
    64.334373893017));
#148 = CARTESIAN_POINT('',(-8.414570696118,8.414570696122,
    64.875000000035));
#149 = CARTESIAN_POINT('',(-12.54506400376,4.284077382489,
    65.415627382159));
#150 = CARTESIAN_POINT('',(-14.4231625998,-2.099225373044,
    65.956243290705));
#151 = CARTESIAN_POINT('',(-12.6625226838,-9.353335207095,
    66.496886890819));
#152 = CARTESIAN_POINT('',(-6.86826311013,-15.12440277507,
    67.037489917918));
#153 = CARTESIAN_POINT('',(1.663973993484,-16.89461073233,
    67.578126520875));
#154 = CARTESIAN_POINT('',(9.686915721384,-13.49385996436,
    68.118758048328));
#155 = CARTESIAN_POINT('',(14.243961179456,-6.703277971647,
    68.65936554043));
#156 = CARTESIAN_POINT('',(14.555564012599,0.754930094855,
    69.200005707191));
#157 = CARTESIAN_POINT('',(11.468232176844,6.649180528319,
    69.740623893052));
#158 = CARTESIAN_POINT('',(6.611285772933,9.8944883864,70.281249999998)
  );
#159 = CARTESIAN_POINT('',(1.754339462305,13.139796156683,
    70.821877340168));
#160 = CARTESIAN_POINT('',(-4.872708789322,13.736487003682,
    71.362493470948));
#161 = CARTESIAN_POINT('',(-11.64394910338,10.594470727646,
    71.903136425091));
#162 = CARTESIAN_POINT('',(-16.17372331322,3.785666669195,
    72.443740800043));
#163 = CARTESIAN_POINT('',(-16.24536025071,-4.927976123922,
    72.984375210675));
#164 = CARTESIAN_POINT('',(-11.34475578318,-12.13330598651,
    73.525009620746));
#165 = CARTESIAN_POINT('',(-3.795617331168,-15.27801197135,
    74.06561399615));
#166 = CARTESIAN_POINT('',(3.580073946372,-14.12860349384,
    74.606256950001));
#167 = CARTESIAN_POINT('',(8.758759529097,-9.950682464016,75.14687308093
    ));
#168 = CARTESIAN_POINT('',(10.994166420377,-4.553932884997,
    75.687500421043));
#169 = CARTESIAN_POINT('',(13.229573336209,0.842816819687,
    76.228126570118));
#170 = CARTESIAN_POINT('',(12.521925900279,7.458936607927,
    76.768744533388));
#171 = CARTESIAN_POINT('',(8.119279176911,13.487092747714,
    77.309385346683));
#172 = CARTESIAN_POINT('',(0.557589283345,16.601496517961,
    77.849991490214));
#173 = CARTESIAN_POINT('',(-8.002599087456,14.971809910098,
    78.390625210749));
#174 = CARTESIAN_POINT('',(-14.11341984967,8.759678794912,
    78.931258930427));
#175 = CARTESIAN_POINT('',(-15.72493759966,0.742093408182,
    79.471865074694));
#176 = CARTESIAN_POINT('',(-13.15868844254,-6.267637676535,
    80.012505887461));
#177 = CARTESIAN_POINT('',(-8.050733753643,-10.53174424669,
    80.553123851031));
#178 = CARTESIAN_POINT('',(-2.32157483199,-11.67134483679,
    81.093749999983));
#179 = CARTESIAN_POINT('',(3.407583971508,-12.81094537749,
    81.634377340226));
#180 = CARTESIAN_POINT('',(9.758521913568,-10.8261542669,82.174993470829
    ));
#181 = CARTESIAN_POINT('',(14.811934676342,-5.332068253871,
    82.715636425262));
#182 = CARTESIAN_POINT('',(16.391283848373,2.691915999003,
    83.256240799863));
#183 = CARTESIAN_POINT('',(13.122901016168,10.769686498407,
    83.796875210819));
#184 = CARTESIAN_POINT('',(5.837972488591,15.551163145042,
    84.337509620658));
#185 = CARTESIAN_POINT('',(-2.339948895425,15.567562426064,
    84.878113996189));
#186 = CARTESIAN_POINT('',(-8.714339523467,11.683092604998,
    85.418756949988));
#187 = CARTESIAN_POINT('',(-11.89999997882,5.841399703171,
    85.959373080934));
#188 = CARTESIAN_POINT('',(-11.9,4.313545776125E-08,86.500000421039));
#189 = PCURVE('',#190,#1318);
#190 = ( BOUNDED_SURFACE() B_SPLINE_SURFACE(6,10,(
    (#191,#192,#193,#194,#195,#196,#197,#198,#199,#200,#201,#202,#203
      ,#204,#205,#206,#207,#208,#209,#210,#211,#212,#213,#214,#215,#216
      ,#217,#218,#219,#220,#221,#222,#223,#224,#225,#226,#227,#228,#229
      ,#230,#231,#232,#233,#234,#235,#236,#237,#238,#239,#240,#241,#242
      ,#243,#244,#245,#246,#247,#248,#249,#250,#251,#252,#253,#254,#255
      ,#256,#257,#258,#259,#260,#261,#262,#263,#264,#265,#266,#267,#268
      ,#269,#270,#271,#272,#273,#274,#275,#276,#277,#278,#279,#280,#281
      ,#282,#283,#284,#285,#286,#287,#288,#289,#290,#291,#292,#293,#294
      ,#295,#296,#297,#298,#299,#300,#301,#302,#303,#304,#305,#306,#307
      ,#308,#309,#310,#311,#312,#313,#314,#315,#316,#317,#318,#319,#320
      ,#321,#322,#323,#324,#325,#326,#327,#328,#329,#330,#331,#332,#333
      ,#334,#335,#336,#337,#338,#339,#340,#341,#342,#343,#344,#345,#346
      ,#347,#348,#349,#350,#351)
    ,(#352,#353,#354,#355,#356,#357,#358,#359,#360,#361,#362,#363,#364
      ,#365,#366,#367,#368,#369,#370,#371,#372,#373,#374,#375,#376,#377
      ,#378,#379,#380,#381,#382,#383,#384,#385,#386,#387,#388,#389,#390
      ,#391,#392,#393,#394,#395,#396,#397,#398,#399,#400,#401,#402,#403
      ,#404,#405,#406,#407,#408,#409,#410,#411,#412,#413,#414,#415,#416
      ,#417,#418,#419,#420,#421,#422,#423,#424,#425,#426,#427,#428,#429
      ,#430,#431,#432,#433,#434,#435,#436,#437,#438,#439,#440,#441,#442
      ,#443,#444,#445,#446,#447,#448,#449,#450,#451,#452,#453,#454,#455
      ,#456,#457,#458,#459,#460,#461,#462,#463,#464,#465,#466,#467,#468
      ,#469,#470,#471,#472,#473,#474,#475,#476,#477,#478,#479,#480,#481
      ,#482,#483,#484,#485,#486,#487,#488,#489,#490,#491,#492,#493,#494
      ,#495,#496,#497,#498,#499,#500,#501,#502,#503,#504,#505,#506,#507
      ,#508,#509,#510,#511,#512)
    ,(#513,#514,#515,#516,#517,#518,#519,#520,#521,#522,#523,#524,#525
      ,#526,#527,#528,#529,#530,#531,#532,#533,#534,#535,#536,#537,#538
      ,#539,#540,#541,#542,#543,#544,#545,#546,#547,#548,#549,#550,#551
      ,#552,#553,#554,#555,#556,#557,#558,#559,#560,#561,#562,#563,#564
      ,#565,#566,#567,#568,#569,#570,#571,#572,#573,#574,#575,#576,#577
      ,#578,#579,#580,#581,#582,#583,#584,#585,#586,#587,#588,#589,#590
      ,#591,#592,#593,#594,#595,#596,#597,#598,#599,#600,#601,#602,#603
      ,#604,#605,#606,#607,#608,#609,#610,#611,#612,#613,#614,#615,#616
      ,#617,#618,#619,#620,#621,#622,#623,#624,#625,#626,#627,#628,#629
      ,#630,#631,#632,#633,#634,#635,#636,#637,#638,#639,#640,#641,#642
      ,#643,#644,#645,#646,#647,#648,#649,#650,#651,#652,#653,#654,#655
      ,#656,#657,#658,#659,#660,#661,#662,#663,#664,#665,#666,#667,#668
      ,#669,#670,#671,#672,#673)
    ,(#674,#675,#676,#677,#678,#679,#680,#681,#682,#683,#684,#685,#686
      ,#687,#688,#689,#690,#691,#692,#693,#694,#695,#696,#697,#698,#699
      ,#700,#701,#702,#703,#704,#705,#706,#707,#708,#709,#710,#711,#712
      ,#713,#714,#715,#716,#717,#718,#719,#720,#721,#722,#723,#724,#725
      ,#726,#727,#728,#729,#730,#731,#732,#733,#734,#735,#736,#737,#738
      ,#739,#740,#741,#742,#743,#744,#745,#746,#747,#748,#749,#750,#751
      ,#752,#753,#754,#755,#756,#757,#758,#759,#760,#761,#762,#763,#764
      ,#765,#766,#767,#768,#769,#770,#771,#772,#773,#774,#775,#776,#777
      ,#778,#779,#780,#781,#782,#783,#784,#785,#786,#787,#788,#789,#790
      ,#791,#792,#793,#794,#795,#796,#797,#798,#799,#800,#801,#802,#803
      ,#804,#805,#806,#807,#808,#809,#810,#811,#812,#813,#814,#815,#816
      ,#817,#818,#819,#820,#821,#822,#823,#824,#825,#826,#827,#828,#829
      ,#830,#831,#832,#833,#834)
    ,(#835,#836,#837,#838,#839,#840,#841,#842,#843,#844,#845,#846,#847
      ,#848,#849,#850,#851,#852,#853,#854,#855,#856,#857,#858,#859,#860
      ,#861,#862,#863,#864,#865,#866,#867,#868,#869,#870,#871,#872,#873
      ,#874,#875,#876,#877,#878,#879,#880,#881,#882,#883,#884,#885,#886
      ,#887,#888,#889,#890,#891,#892,#893,#894,#895,#896,#897,#898,#899
      ,#900,#901,#902,#903,#904,#905,#906,#907,#908,#909,#910,#911,#912
      ,#913,#914,#915,#916,#917,#918,#919,#920,#921,#922,#923,#924,#925
      ,#926,#927,#928,#929,#930,#931,#932,#933,#934,#935,#936,#937,#938
      ,#939,#940,#941,#942,#943,#944,#945,#946,#947,#948,#949,#950,#951
      ,#952,#953,#954,#955,#956,#957,#958,#959,#960,#961,#962,#963,#964
      ,#965,#966,#967,#968,#969,#970,#971,#972,#973,#974,#975,#976,#977
      ,#978,#979,#980,#981,#982,#983,#984,#985,#986,#987,#988,#989,#990
      ,#991,#992,#993,#994,#995)
    ,(#996,#997,#998,#999,#1000,#1001,#1002,#1003,#1004,#1005,#1006
      ,#1007,#1008,#1009,#1010,#1011,#1012,#1013,#1014,#1015,#1016,#1017
      ,#1018,#1019,#1020,#1021,#1022,#1023,#1024,#1025,#1026,#1027,#1028
      ,#1029,#1030,#1031,#1032,#1033,#1034,#1035,#1036,#1037,#1038,#1039
      ,#1040,#1041,#1042,#1043,#1044,#1045,#1046,#1047,#1048,#1049,#1050
      ,#1051,#1052,#1053,#1054,#1055,#1056,#1057,#1058,#1059,#1060,#1061
      ,#1062,#1063,#1064,#1065,#1066,#1067,#1068,#1069,#1070,#1071,#1072
      ,#1073,#1074,#1075,#1076,#1077,#1078,#1079,#1080,#1081,#1082,#1083
      ,#1084,#1085,#1086,#1087,#1088,#1089,#1090,#1091,#1092,#1093,#1094
      ,#1095,#1096,#1097,#1098,#1099,#1100,#1101,#1102,#1103,#1104,#1105
      ,#1106,#1107,#1108,#1109,#1110,#1111,#1112,#1113,#1114,#1115,#1116
      ,#1117,#1118,#1119,#1120,#1121,#1122,#1123,#1124,#1125,#1126,#1127
      ,#1128,#1129,#1130,#1131,#1132,#1133,#1134,#1135,#1136,#1137,#1138
      ,#1139,#1140,#1141,#1142,#1143,#1144,#1145,#1146,#1147,#1148,#1149
      ,#1150,#1151,#1152,#1153,#1154,#1155,#1156)
    ,(#1157,#1158,#1159,#1160,#1161,#1162,#1163,#1164,#1165,#1166,#1167
      ,#1168,#1169,#1170,#1171,#1172,#1173,#1174,#1175,#1176,#1177,#1178
      ,#1179,#1180,#1181,#1182,#1183,#1184,#1185,#1186,#1187,#1188,#1189
      ,#1190,#1191,#1192,#1193,#1194,#1195,#1196,#1197,#1198,#1199,#1200
      ,#1201,#1202,#1203,#1204,#1205,#1206,#1207,#1208,#1209,#1210,#1211
      ,#1212,#1213,#1214,#1215,#1216,#1217,#1218,#1219,#1220,#1221,#1222
      ,#1223,#1224,#1225,#1226,#1227,#1228,#1229,#1230,#1231,#1232,#1233
      ,#1234,#1235,#1236,#1237,#1238,#1239,#1240,#1241,#1242,#1243,#1244
      ,#1245,#1246,#1247,#1248,#1249,#1250,#1251,#1252,#1253,#1254,#1255
      ,#1256,#1257,#1258,#1259,#1260,#1261,#1262,#1263,#1264,#1265,#1266
      ,#1267,#1268,#1269,#1270,#1271,#1272,#1273,#1274,#1275,#1276,#1277
      ,#1278,#1279,#1280,#1281,#1282,#1283,#1284,#1285,#1286,#1287,#1288
      ,#1289,#1290,#1291,#1292,#1293,#1294,#1295,#1296,#1297,#1298,#1299
      ,#1300,#1301,#1302,#1303,#1304,#1305,#1306,#1307,#1308,#1309,#1310
      ,#1311,#1312,#1313,#1314,#1315,#1316,#1317
)),.UNSPECIFIED.,.T.,.F.,.F.) B_SPLINE_SURFACE_WITH_KNOTS((1,6,6,1),(11,
    10,10,10,10,10,10,10,10,10,10,10,10,10,10,10,11),(-6.28318530718,0.,
    6.28318530718,12.566370614359),(0.,7.302277242912,14.604554485824,
    21.906831728735,29.209108971647,36.511386214559,43.813663457471,
    51.115940700382,58.418217943294,65.720495186206,73.022772429118,
    80.325049672029,87.627326914941,94.929604157853,102.23188140076,
    109.53415864367,116.83643588658),.UNSPECIFIED.) 
GEOMETRIC_REPRESENTATION_ITEM() RATIONAL_B_SPLINE_SURFACE((
    (1.669078461068,1.669078461068,1.669078461068,1.669078461068
      ,1.669078461068,1.669078461069,1.669078461068,1.669078461068
      ,1.669078461068,1.669078461068,1.669078461068,1.669078461068
      ,1.669078461068,1.669078461068,1.669078461068,1.669078461068
      ,1.669078461068,1.669078461068,1.669078461068,1.669078461068
      ,1.669078461068,1.669078461068,1.669078461068,1.669078461069
      ,1.669078461067,1.66907846107,1.669078461067,1.669078461069
      ,1.669078461068,1.669078461068,1.669078461068,1.669078461068
      ,1.669078461069,1.669078461068,1.669078461069,1.669078461067
      ,1.669078461069,1.669078461068,1.669078461068,1.669078461068
      ,1.669078461068,1.669078461068,1.669078461068,1.669078461069
      ,1.669078461067,1.66907846107,1.669078461067,1.669078461069
      ,1.669078461068,1.669078461068,1.669078461068,1.669078461068
      ,1.669078461069,1.669078461067,1.669078461069,1.669078461067
      ,1.669078461069,1.669078461068,1.669078461069,1.669078461068
      ,1.669078461068,1.669078461068,1.669078461068,1.669078461068
      ,1.669078461068,1.669078461068,1.669078461068,1.669078461068
      ,1.669078461068,1.669078461068,1.669078461068,1.669078461068
      ,1.669078461069,1.669078461068,1.669078461069,1.669078461067
      ,1.669078461069,1.669078461068,1.669078461068,1.669078461068
      ,1.669078461068,1.669078461068,1.669078461068,1.669078461068
      ,1.669078461068,1.669078461068,1.669078461068,1.669078461068
      ,1.669078461068,1.669078461068,1.669078461068,1.669078461068
      ,1.669078461068,1.669078461068,1.669078461068,1.669078461068
      ,1.669078461068,1.669078461068,1.669078461068,1.669078461068
      ,1.669078461068,1.669078461068,1.669078461068,1.669078461068
      ,1.669078461069,1.669078461068,1.669078461069,1.669078461068
      ,1.669078461068,1.669078461068,1.669078461068,1.669078461068
      ,1.669078461068,1.669078461068,1.669078461069,1.669078461068
      ,1.669078461069,1.669078461068,1.669078461068,1.669078461068
      ,1.669078461068,1.669078461068,1.669078461068,1.669078461068
      ,1.669078461069,1.669078461068,1.669078461069,1.669078461068
      ,1.669078461068,1.669078461068,1.669078461068,1.669078461068
      ,1.669078461068,1.669078461069,1.669078461067,1.669078461069
      ,1.669078461067,1.669078461069,1.669078461068,1.669078461068
      ,1.669078461068,1.669078461068,1.669078461068,1.669078461069
      ,1.669078461067,1.669078461069,1.669078461067,1.669078461069
      ,1.669078461068,1.669078461068,1.669078461068,1.669078461068
      ,1.669078461069,1.669078461067,1.66907846107,1.669078461067
      ,1.669078461069,1.669078461068,1.669078461069,1.669078461068
      ,1.669078461068)
    ,(1.03672962321,1.03672962321,1.03672962321,1.03672962321
      ,1.036729623209,1.03672962321,1.036729623209,1.03672962321
      ,1.03672962321,1.03672962321,1.03672962321,1.03672962321
      ,1.03672962321,1.036729623209,1.03672962321,1.036729623209
      ,1.03672962321,1.03672962321,1.03672962321,1.03672962321
      ,1.03672962321,1.03672962321,1.036729623209,1.03672962321
      ,1.036729623209,1.03672962321,1.036729623209,1.03672962321
      ,1.036729623209,1.03672962321,1.03672962321,1.03672962321
      ,1.03672962321,1.036729623209,1.03672962321,1.036729623209
      ,1.03672962321,1.036729623209,1.03672962321,1.03672962321
      ,1.03672962321,1.03672962321,1.036729623209,1.03672962321
      ,1.036729623209,1.03672962321,1.036729623209,1.03672962321
      ,1.036729623209,1.03672962321,1.03672962321,1.03672962321
      ,1.03672962321,1.036729623209,1.03672962321,1.036729623209
      ,1.03672962321,1.036729623209,1.03672962321,1.03672962321
      ,1.03672962321,1.03672962321,1.03672962321,1.036729623209
      ,1.03672962321,1.03672962321,1.03672962321,1.03672962321
      ,1.03672962321,1.03672962321,1.03672962321,1.03672962321
      ,1.03672962321,1.036729623209,1.03672962321,1.036729623209
      ,1.03672962321,1.036729623209,1.03672962321,1.03672962321
      ,1.03672962321,1.03672962321,1.03672962321,1.036729623209
      ,1.03672962321,1.036729623209,1.03672962321,1.03672962321
      ,1.03672962321,1.03672962321,1.03672962321,1.03672962321
      ,1.03672962321,1.03672962321,1.036729623209,1.03672962321
      ,1.036729623209,1.03672962321,1.03672962321,1.03672962321
      ,1.03672962321,1.03672962321,1.03672962321,1.036729623209
      ,1.03672962321,1.036729623209,1.03672962321,1.036729623209
      ,1.03672962321,1.03672962321,1.03672962321,1.03672962321
      ,1.03672962321,1.036729623209,1.03672962321,1.036729623209
      ,1.03672962321,1.036729623209,1.03672962321,1.03672962321
      ,1.03672962321,1.03672962321,1.03672962321,1.036729623209
      ,1.03672962321,1.036729623209,1.03672962321,1.036729623209
      ,1.03672962321,1.03672962321,1.03672962321,1.03672962321
      ,1.036729623209,1.03672962321,1.036729623209,1.03672962321
      ,1.036729623209,1.03672962321,1.036729623209,1.03672962321
      ,1.03672962321,1.03672962321,1.036729623209,1.03672962321
      ,1.036729623209,1.03672962321,1.036729623209,1.03672962321
      ,1.03672962321,1.03672962321,1.03672962321,1.03672962321
      ,1.03672962321,1.036729623209,1.036729623211,1.036729623209
      ,1.03672962321,1.036729623209,1.03672962321,1.03672962321
      ,1.03672962321)
    ,(1.038346699848,1.038346699848,1.038346699847,1.038346699848
      ,1.038346699847,1.038346699848,1.038346699847,1.038346699848
      ,1.038346699847,1.038346699848,1.038346699848,1.038346699847
      ,1.038346699848,1.038346699847,1.038346699848,1.038346699847
      ,1.038346699848,1.038346699847,1.038346699848,1.038346699847
      ,1.038346699848,1.038346699848,1.038346699847,1.038346699848
      ,1.038346699847,1.038346699848,1.038346699847,1.038346699848
      ,1.038346699847,1.038346699848,1.038346699848,1.038346699847
      ,1.038346699848,1.038346699847,1.038346699848,1.038346699847
      ,1.038346699848,1.038346699847,1.038346699848,1.038346699847
      ,1.038346699848,1.038346699848,1.038346699847,1.038346699848
      ,1.038346699847,1.038346699848,1.038346699847,1.038346699848
      ,1.038346699847,1.038346699848,1.038346699848,1.038346699847
      ,1.038346699848,1.038346699847,1.038346699848,1.038346699847
      ,1.038346699848,1.038346699847,1.038346699848,1.038346699847
      ,1.038346699848,1.038346699847,1.038346699848,1.038346699848
      ,1.038346699847,1.038346699848,1.038346699847,1.038346699848
      ,1.038346699847,1.038346699848,1.038346699848,1.038346699847
      ,1.038346699848,1.038346699847,1.038346699848,1.038346699847
      ,1.038346699848,1.038346699847,1.038346699848,1.038346699847
      ,1.038346699848,1.038346699847,1.038346699848,1.038346699847
      ,1.038346699848,1.038346699847,1.038346699848,1.038346699848
      ,1.038346699847,1.038346699848,1.038346699848,1.038346699848
      ,1.038346699848,1.038346699847,1.038346699848,1.038346699847
      ,1.038346699848,1.038346699847,1.038346699848,1.038346699847
      ,1.038346699848,1.038346699847,1.038346699848,1.038346699847
      ,1.038346699848,1.038346699847,1.038346699848,1.038346699847
      ,1.038346699848,1.038346699847,1.038346699848,1.038346699847
      ,1.038346699848,1.038346699847,1.038346699848,1.038346699847
      ,1.038346699848,1.038346699847,1.038346699848,1.038346699847
      ,1.038346699848,1.038346699847,1.038346699848,1.038346699847
      ,1.038346699848,1.038346699847,1.038346699848,1.038346699847
      ,1.038346699848,1.038346699847,1.038346699848,1.038346699848
      ,1.038346699847,1.038346699848,1.038346699847,1.038346699848
      ,1.038346699847,1.038346699848,1.038346699847,1.038346699848
      ,1.038346699848,1.038346699848,1.038346699847,1.038346699848
      ,1.038346699847,1.038346699848,1.038346699847,1.038346699848
      ,1.038346699847,1.038346699848,1.038346699848,1.038346699847
      ,1.038346699848,1.038346699847,1.038346699848,1.038346699847
      ,1.038346699848,1.038346699847,1.038346699848,1.038346699847
      ,1.038346699848)
    ,(0.853534330196,0.853534330196,0.853534330196,0.853534330196
      ,0.853534330196,0.853534330196,0.853534330196,0.853534330196
      ,0.853534330196,0.853534330196,0.853534330196,0.853534330196
      ,0.853534330196,0.853534330196,0.853534330196,0.853534330196
      ,0.853534330196,0.853534330196,0.853534330196,0.853534330196
      ,0.853534330196,0.853534330196,0.853534330196,0.853534330196
      ,0.853534330196,0.853534330197,0.853534330196,0.853534330196
      ,0.853534330196,0.853534330196,0.853534330196,0.853534330196
      ,0.853534330196,0.853534330196,0.853534330197,0.853534330196
      ,0.853534330197,0.853534330196,0.853534330196,0.853534330196
      ,0.853534330196,0.853534330196,0.853534330196,0.853534330197
      ,0.853534330196,0.853534330197,0.853534330196,0.853534330197
      ,0.853534330196,0.853534330196,0.853534330196,0.853534330196
      ,0.853534330196,0.853534330196,0.853534330197,0.853534330196
      ,0.853534330197,0.853534330196,0.853534330196,0.853534330196
      ,0.853534330196,0.853534330196,0.853534330196,0.853534330196
      ,0.853534330196,0.853534330196,0.853534330196,0.853534330196
      ,0.853534330196,0.853534330196,0.853534330196,0.853534330196
      ,0.853534330196,0.853534330196,0.853534330197,0.853534330196
      ,0.853534330197,0.853534330196,0.853534330196,0.853534330196
      ,0.853534330196,0.853534330196,0.853534330196,0.853534330196
      ,0.853534330196,0.853534330196,0.853534330196,0.853534330196
      ,0.853534330196,0.853534330196,0.853534330196,0.853534330196
      ,0.853534330196,0.853534330196,0.853534330196,0.853534330196
      ,0.853534330196,0.853534330196,0.853534330196,0.853534330196
      ,0.853534330196,0.853534330196,0.853534330196,0.853534330196
      ,0.853534330196,0.853534330196,0.853534330196,0.853534330196
      ,0.853534330196,0.853534330196,0.853534330196,0.853534330196
      ,0.853534330196,0.853534330196,0.853534330196,0.853534330196
      ,0.853534330196,0.853534330196,0.853534330196,0.853534330196
      ,0.853534330196,0.853534330196,0.853534330196,0.853534330196
      ,0.853534330197,0.853534330196,0.853534330197,0.853534330196
      ,0.853534330196,0.853534330196,0.853534330196,0.853534330196
      ,0.853534330196,0.853534330196,0.853534330196,0.853534330197
      ,0.853534330196,0.853534330196,0.853534330196,0.853534330196
      ,0.853534330196,0.853534330196,0.853534330196,0.853534330196
      ,0.853534330196,0.853534330197,0.853534330196,0.853534330196
      ,0.853534330196,0.853534330196,0.853534330196,0.853534330196
      ,0.853534330196,0.853534330196,0.853534330197,0.853534330196
      ,0.853534330197,0.853534330196,0.853534330196,0.853534330196
      ,0.853534330196)
    ,(1.038346699848,1.038346699848,1.038346699847,1.038346699848
      ,1.038346699847,1.038346699848,1.038346699847,1.038346699848
      ,1.038346699847,1.038346699848,1.038346699848,1.038346699847
      ,1.038346699848,1.038346699847,1.038346699848,1.038346699847
      ,1.038346699848,1.038346699847,1.038346699848,1.038346699848
      ,1.038346699848,1.038346699848,1.038346699847,1.038346699848
      ,1.038346699847,1.038346699848,1.038346699847,1.038346699848
      ,1.038346699847,1.038346699848,1.038346699848,1.038346699847
      ,1.038346699848,1.038346699847,1.038346699848,1.038346699847
      ,1.038346699848,1.038346699847,1.038346699848,1.038346699847
      ,1.038346699848,1.038346699848,1.038346699847,1.038346699848
      ,1.038346699847,1.038346699848,1.038346699847,1.038346699848
      ,1.038346699847,1.038346699848,1.038346699848,1.038346699847
      ,1.038346699848,1.038346699847,1.038346699848,1.038346699847
      ,1.038346699848,1.038346699847,1.038346699848,1.038346699847
      ,1.038346699848,1.038346699847,1.038346699848,1.038346699847
      ,1.038346699848,1.038346699848,1.038346699847,1.038346699848
      ,1.038346699847,1.038346699848,1.038346699848,1.038346699847
      ,1.038346699848,1.038346699847,1.038346699848,1.038346699847
      ,1.038346699848,1.038346699847,1.038346699848,1.038346699847
      ,1.038346699848,1.038346699847,1.038346699848,1.038346699847
      ,1.038346699848,1.038346699847,1.038346699848,1.038346699847
      ,1.038346699848,1.038346699848,1.038346699848,1.038346699848
      ,1.038346699847,1.038346699848,1.038346699847,1.038346699848
      ,1.038346699847,1.038346699848,1.038346699847,1.038346699848
      ,1.038346699848,1.038346699847,1.038346699848,1.038346699847
      ,1.038346699848,1.038346699847,1.038346699848,1.038346699847
      ,1.038346699848,1.038346699847,1.038346699848,1.038346699847
      ,1.038346699848,1.038346699847,1.038346699848,1.038346699847
      ,1.038346699848,1.038346699847,1.038346699848,1.038346699847
      ,1.038346699848,1.038346699847,1.038346699848,1.038346699847
      ,1.038346699848,1.038346699847,1.038346699848,1.038346699847
      ,1.038346699848,1.038346699847,1.038346699848,1.038346699848
      ,1.038346699847,1.038346699848,1.038346699847,1.038346699848
      ,1.038346699847,1.038346699848,1.038346699847,1.038346699848
      ,1.038346699848,1.038346699848,1.038346699847,1.038346699848
      ,1.038346699847,1.038346699848,1.038346699847,1.038346699848
      ,1.038346699847,1.038346699848,1.038346699848,1.038346699847
      ,1.038346699848,1.038346699847,1.038346699848,1.038346699847
      ,1.038346699848,1.038346699847,1.038346699848,1.038346699847
      ,1.038346699848)
    ,(1.03672962321,1.03672962321,1.03672962321,1.03672962321
      ,1.036729623209,1.03672962321,1.036729623209,1.03672962321
      ,1.03672962321,1.03672962321,1.03672962321,1.03672962321
      ,1.03672962321,1.036729623209,1.03672962321,1.036729623209
      ,1.03672962321,1.036729623209,1.03672962321,1.03672962321
      ,1.03672962321,1.03672962321,1.036729623209,1.03672962321
      ,1.036729623209,1.03672962321,1.036729623209,1.03672962321
      ,1.03672962321,1.03672962321,1.03672962321,1.03672962321
      ,1.03672962321,1.036729623209,1.03672962321,1.036729623209
      ,1.03672962321,1.036729623209,1.03672962321,1.03672962321
      ,1.03672962321,1.03672962321,1.036729623209,1.03672962321
      ,1.036729623209,1.03672962321,1.036729623209,1.03672962321
      ,1.036729623209,1.03672962321,1.03672962321,1.03672962321
      ,1.03672962321,1.036729623209,1.03672962321,1.036729623209
      ,1.03672962321,1.036729623209,1.03672962321,1.03672962321
      ,1.03672962321,1.03672962321,1.03672962321,1.03672962321
      ,1.03672962321,1.03672962321,1.03672962321,1.03672962321
      ,1.03672962321,1.03672962321,1.03672962321,1.03672962321
      ,1.03672962321,1.036729623209,1.03672962321,1.036729623209
      ,1.03672962321,1.036729623209,1.03672962321,1.03672962321
      ,1.03672962321,1.03672962321,1.03672962321,1.03672962321
      ,1.03672962321,1.03672962321,1.03672962321,1.03672962321
      ,1.03672962321,1.03672962321,1.03672962321,1.03672962321
      ,1.03672962321,1.03672962321,1.03672962321,1.03672962321
      ,1.03672962321,1.03672962321,1.03672962321,1.03672962321
      ,1.03672962321,1.03672962321,1.03672962321,1.036729623209
      ,1.03672962321,1.036729623209,1.03672962321,1.036729623209
      ,1.03672962321,1.03672962321,1.03672962321,1.03672962321
      ,1.03672962321,1.036729623209,1.03672962321,1.036729623209
      ,1.03672962321,1.036729623209,1.03672962321,1.03672962321
      ,1.03672962321,1.03672962321,1.03672962321,1.036729623209
      ,1.03672962321,1.036729623209,1.03672962321,1.036729623209
      ,1.03672962321,1.03672962321,1.03672962321,1.03672962321
      ,1.036729623209,1.03672962321,1.036729623209,1.03672962321
      ,1.036729623209,1.03672962321,1.036729623209,1.03672962321
      ,1.03672962321,1.03672962321,1.036729623209,1.03672962321
      ,1.036729623209,1.03672962321,1.036729623209,1.03672962321
      ,1.03672962321,1.03672962321,1.03672962321,1.03672962321
      ,1.03672962321,1.036729623209,1.036729623211,1.036729623209
      ,1.03672962321,1.036729623209,1.03672962321,1.03672962321
      ,1.03672962321)
    ,(1.669078461068,1.669078461068,1.669078461068,1.669078461068
      ,1.669078461068,1.669078461069,1.669078461068,1.669078461068
      ,1.669078461068,1.669078461068,1.669078461068,1.669078461068
      ,1.669078461068,1.669078461068,1.669078461068,1.669078461068
      ,1.669078461068,1.669078461068,1.669078461068,1.669078461068
      ,1.669078461068,1.669078461068,1.669078461068,1.669078461069
      ,1.669078461067,1.66907846107,1.669078461067,1.669078461069
      ,1.669078461068,1.669078461068,1.669078461068,1.669078461068
      ,1.669078461069,1.669078461068,1.669078461069,1.669078461067
      ,1.669078461069,1.669078461068,1.669078461068,1.669078461068
      ,1.669078461068,1.669078461068,1.669078461068,1.669078461069
      ,1.669078461067,1.66907846107,1.669078461067,1.669078461069
      ,1.669078461068,1.669078461068,1.669078461068,1.669078461068
      ,1.669078461069,1.669078461067,1.669078461069,1.669078461067
      ,1.669078461069,1.669078461068,1.669078461069,1.669078461068
      ,1.669078461068,1.669078461068,1.669078461068,1.669078461068
      ,1.669078461068,1.669078461068,1.669078461068,1.669078461068
      ,1.669078461068,1.669078461068,1.669078461068,1.669078461068
      ,1.669078461069,1.669078461068,1.669078461069,1.669078461067
      ,1.669078461069,1.669078461068,1.669078461068,1.669078461068
      ,1.669078461068,1.669078461068,1.669078461068,1.669078461068
      ,1.669078461068,1.669078461068,1.669078461068,1.669078461068
      ,1.669078461068,1.669078461068,1.669078461068,1.669078461068
      ,1.669078461068,1.669078461068,1.669078461068,1.669078461068
      ,1.669078461068,1.669078461068,1.669078461068,1.669078461068
      ,1.669078461068,1.669078461068,1.669078461068,1.669078461068
      ,1.669078461069,1.669078461068,1.669078461069,1.669078461068
      ,1.669078461068,1.669078461068,1.669078461068,1.669078461068
      ,1.669078461068,1.669078461068,1.669078461069,1.669078461068
      ,1.669078461069,1.669078461068,1.669078461068,1.669078461068
      ,1.669078461068,1.669078461068,1.669078461068,1.669078461068
      ,1.669078461069,1.669078461068,1.669078461069,1.669078461068
      ,1.669078461068,1.669078461068,1.669078461068,1.669078461068
      ,1.669078461068,1.669078461069,1.669078461067,1.669078461069
      ,1.669078461067,1.669078461069,1.669078461068,1.669078461068
      ,1.669078461068,1.669078461068,1.669078461068,1.669078461069
      ,1.669078461067,1.669078461069,1.669078461067,1.669078461069
      ,1.669078461068,1.669078461068,1.669078461068,1.669078461068
      ,1.669078461069,1.669078461067,1.66907846107,1.669078461067
      ,1.669078461069,1.669078461068,1.669078461069,1.669078461068
,1.669078461068))) REPRESENTATION_ITEM('') SURFACE() );
#191 = CARTESIAN_POINT('',(11.9,4.996003610813E-15,7.105427357601E-15));
#192 = CARTESIAN_POINT('',(11.89999999577,5.841399659188,0.540627382272)
  );
#193 = CARTESIAN_POINT('',(8.714339583963,11.68309257703,1.08124329047)
  );
#194 = CARTESIAN_POINT('',(2.339948905,15.567562408233,1.621886891184));
#195 = CARTESIAN_POINT('',(-5.837972343503,15.5511631839,2.162489917469)
  );
#196 = CARTESIAN_POINT('',(-13.12290110886,10.769686519716,
    2.703126521325));
#197 = CARTESIAN_POINT('',(-16.39128368053,2.691916089908,3.24375804796)
  );
#198 = CARTESIAN_POINT('',(-14.8119348509,-5.332068231079,3.784365540671
    ));
#199 = CARTESIAN_POINT('',(-9.758521827895,-10.82615420667,
    4.325005707074));
#200 = CARTESIAN_POINT('',(-3.407584099566,-12.81094538138,
    4.865623893084));
#201 = CARTESIAN_POINT('',(2.321574831992,-11.67134483679,5.406250000003
    ));
#202 = CARTESIAN_POINT('',(8.050733633847,-10.53174429211,5.946877382263
    ));
#203 = CARTESIAN_POINT('',(13.158688544744,-6.267637699397,
    6.487493290489));
#204 = CARTESIAN_POINT('',(15.724937447112,0.742093320329,7.028136891153
    ));
#205 = CARTESIAN_POINT('',(14.113420039526,8.759678775145,7.568739917509
    ));
#206 = CARTESIAN_POINT('',(8.002599009962,14.971809854946,8.109376521285
    ));
#207 = CARTESIAN_POINT('',(-0.557589134422,16.601496537575,8.65000804799
    ));
#208 = CARTESIAN_POINT('',(-8.119279174894,13.48709276786,9.190615540655
    ));
#209 = CARTESIAN_POINT('',(-12.52192585508,7.458936656912,9.731255707078
    ));
#210 = CARTESIAN_POINT('',(-13.22957333738,0.842816866806,
    10.271873893087));
#211 = CARTESIAN_POINT('',(-10.99416643688,-4.553932845145,
    10.812499999999));
#212 = CARTESIAN_POINT('',(-8.758759561581,-9.950682429865,
    11.353127382276));
#213 = CARTESIAN_POINT('',(-3.580074012963,-14.12860349114,
    11.893743290461));
#214 = CARTESIAN_POINT('',(3.795617315496,-15.27801195856,
    12.434386891198));
#215 = CARTESIAN_POINT('',(11.344755664005,-12.1333060779,
    12.974989917449));
#216 = CARTESIAN_POINT('',(16.245360344517,-4.927976108186,
    13.515626521349));
#217 = CARTESIAN_POINT('',(16.173723192955,3.785666521031,
    14.056258047934));
#218 = CARTESIAN_POINT('',(11.643949273371,10.594470773356,
    14.596865540694));
#219 = CARTESIAN_POINT('',(4.87270873323,13.73648691527,15.137505707058)
  );
#220 = CARTESIAN_POINT('',(-1.754339345488,13.139796209271,
    15.678123893093));
#221 = CARTESIAN_POINT('',(-6.611285772934,9.8944883864,16.21875));
#222 = CARTESIAN_POINT('',(-11.46823208051,6.649180613069,
    16.759377382275));
#223 = CARTESIAN_POINT('',(-14.55556412879,0.754930089938,
    17.299993290457));
#224 = CARTESIAN_POINT('',(-14.24396103846,-6.703277865842,
    17.840636891215));
#225 = CARTESIAN_POINT('',(-9.686915968149,-13.49385995488,
    18.381239917411));
#226 = CARTESIAN_POINT('',(-1.663973848194,-16.89461074659,
    18.92187652141));
#227 = CARTESIAN_POINT('',(6.86826286623,-15.12440273632,19.46250804786)
  );
#228 = CARTESIAN_POINT('',(12.662522801473,-9.353335338324,
    20.003115540765));
#229 = CARTESIAN_POINT('',(14.423162486794,-2.099225345573,
    20.543755707004));
#230 = CARTESIAN_POINT('',(12.545064081718,4.284077280578,
    21.084373893126));
#231 = CARTESIAN_POINT('',(8.414570696119,8.414570696121,21.624999999984
    ));
#232 = CARTESIAN_POINT('',(4.284077384898,12.545064007341,
    22.165627340222));
#233 = CARTESIAN_POINT('',(-2.099225383351,14.423162584478,
    22.706243470836));
#234 = CARTESIAN_POINT('',(-9.353335180495,12.662522723423,
    23.246886425252));
#235 = CARTESIAN_POINT('',(-15.12440282541,6.868263035086,23.78749079987
    ));
#236 = CARTESIAN_POINT('',(-16.89461065762,-1.663973881994,
    24.328125210822));
#237 = CARTESIAN_POINT('',(-13.49386005397,-9.686915855226,
    24.868759620641));
#238 = CARTESIAN_POINT('',(-6.703277883697,-14.24396104797,
    25.409363996217));
#239 = CARTESIAN_POINT('',(0.754930024101,-14.55556411843,
    25.950006949963));
#240 = CARTESIAN_POINT('',(6.649180574544,-11.46823210767,
    26.490623080949));
#241 = CARTESIAN_POINT('',(9.894488362436,-6.611285808799,
    27.031250421034));
#242 = CARTESIAN_POINT('',(13.139796198925,-1.754339391471,
    27.571876570104));
#243 = CARTESIAN_POINT('',(13.736486950014,4.87270867636,28.112494533444
    ));
#244 = CARTESIAN_POINT('',(10.594470771453,11.643949253252,
    28.653135346581));
#245 = CARTESIAN_POINT('',(3.785666663197,16.173723144602,
    29.193741490349));
#246 = CARTESIAN_POINT('',(-4.927976173367,16.245360413799,
    29.734375210598));
#247 = CARTESIAN_POINT('',(-12.13330588788,11.344755646305,
    30.275008930573));
#248 = CARTESIAN_POINT('',(-15.27801209102,3.795617431438,
    30.815615074575));
#249 = CARTESIAN_POINT('',(-14.12860338646,-3.580074010478,
    31.356255887538));
#250 = CARTESIAN_POINT('',(-9.950682538493,-8.758759493669,
    31.896873850994));
#251 = CARTESIAN_POINT('',(-4.553932845144,-10.99416643688,
    32.437499999995));
#252 = CARTESIAN_POINT('',(0.842816741971,-13.22957330859,
    32.978127340182));
#253 = CARTESIAN_POINT('',(7.458936729183,-12.52192593086,
    33.518743470923));
#254 = CARTESIAN_POINT('',(13.487092592205,-8.119279163203,
    34.059386425114));
#255 = CARTESIAN_POINT('',(16.601496684465,-0.557589256309,
    34.599990800045));
#256 = CARTESIAN_POINT('',(14.971809759853,8.002599007131,
    35.140625210637));
#257 = CARTESIAN_POINT('',(8.759678909879,14.113419973121,
    35.681259620811));
#258 = CARTESIAN_POINT('',(0.742093333196,15.724937462726,
    36.221863996083));
#259 = CARTESIAN_POINT('',(-6.267637634609,13.158688560375,
    36.762506950051));
#260 = CARTESIAN_POINT('',(-10.53174426691,8.050733673677,
    37.303123080903));
#261 = CARTESIAN_POINT('',(-11.67134482838,2.321574874301,
    37.843750421053));
#262 = CARTESIAN_POINT('',(-12.81094538941,-3.407584053123,
    38.384376570108));
#263 = CARTESIAN_POINT('',(-10.82615426054,-9.758521788665,
    38.924994533391));
#264 = CARTESIAN_POINT('',(-5.332068237001,-14.81193483154,
    39.46563534669));
#265 = CARTESIAN_POINT('',(2.691915940032,-16.39128369033,
    40.006241490202));
#266 = CARTESIAN_POINT('',(10.769686606476,-13.12290114786,
    40.546875210755));
#267 = CARTESIAN_POINT('',(15.551163001553,-5.837972399915,
    41.087508930438));
#268 = CARTESIAN_POINT('',(15.567562574988,2.339948848595,
    41.628115074664));
#269 = CARTESIAN_POINT('',(11.683092481263,8.714339541601,
    42.168755887502));
#270 = CARTESIAN_POINT('',(5.841399785536,11.899999974598,
    42.709373850992));
#271 = CARTESIAN_POINT('',(4.577657697347E-13,11.9,43.25000000001));
#272 = CARTESIAN_POINT('',(-5.841399659188,11.899999995769,
    43.790627382251));
#273 = CARTESIAN_POINT('',(-11.68309257703,8.714339583967,
    44.331243290497));
#274 = CARTESIAN_POINT('',(-15.56756240823,2.33994890499,44.871886891163
    ));
#275 = CARTESIAN_POINT('',(-15.55116318389,-5.837972343483,
    45.412489917472));
#276 = CARTESIAN_POINT('',(-10.76968651972,-13.12290110889,
    45.953126521339));
#277 = CARTESIAN_POINT('',(-2.6919160899,-16.39128368051,46.493758047935
    ));
#278 = CARTESIAN_POINT('',(5.332068231073,-14.81193485091,
    47.034365540698));
#279 = CARTESIAN_POINT('',(10.826154206677,-9.758521827892,
    47.575005707051));
#280 = CARTESIAN_POINT('',(12.81094538138,-3.407584099567,
    48.115623893102));
#281 = CARTESIAN_POINT('',(11.671344836798,2.321574831993,
    48.656249999992));
#282 = CARTESIAN_POINT('',(10.531744296099,8.050733635495,
    49.196877340186));
#283 = CARTESIAN_POINT('',(6.267637682313,13.158688537674,
    49.737493470933));
#284 = CARTESIAN_POINT('',(-0.74209327621,15.724937465377,
    50.278136425064));
#285 = CARTESIAN_POINT('',(-8.759678858688,14.11342000493,
    50.818740800149));
#286 = CARTESIAN_POINT('',(-14.97180973088,8.002599061347,
    51.359375210496));
#287 = CARTESIAN_POINT('',(-16.60149668645,-0.557589196089,
    51.900009620949));
#288 = CARTESIAN_POINT('',(-13.48709262165,-8.119279114334,
    52.44061399598));
#289 = CARTESIAN_POINT('',(-7.458936774568,-12.52192590382,
    52.981256950108));
#290 = CARTESIAN_POINT('',(-0.842816789929,-13.22957330554,
    53.521873080881));
#291 = CARTESIAN_POINT('',(4.553932805291,-10.99416645339,
    54.062500421054));
#292 = CARTESIAN_POINT('',(9.950682506744,-8.758759529739,
    54.603126570052));
#293 = CARTESIAN_POINT('',(14.128603373484,-3.580074061699,
    55.143744533553));
#294 = CARTESIAN_POINT('',(15.278012104796,3.795617376065,
    55.684385346399));
#295 = CARTESIAN_POINT('',(12.133305928983,11.344755602315,
    56.224991490592));
#296 = CARTESIAN_POINT('',(4.927976232298,16.245360395934,56.76562521034
    ));
#297 = CARTESIAN_POINT('',(-3.785666604609,16.173723158333,
    57.306258930797));
#298 = CARTESIAN_POINT('',(-10.59447072921,11.643949291648,
    57.846865074416));
#299 = CARTESIAN_POINT('',(-13.73648693236,4.872708726158,
    58.387505887629));
#300 = CARTESIAN_POINT('',(-13.13979620528,-1.75433934384,
    58.928123850954));
#301 = CARTESIAN_POINT('',(-9.8944883864,-6.611285772933,59.468750000008
    ));
#302 = CARTESIAN_POINT('',(-6.649180613068,-11.46823208051,
    60.009377382243));
#303 = CARTESIAN_POINT('',(-0.754930089943,-14.55556412878,
    60.549993290533));
#304 = CARTESIAN_POINT('',(6.70327786585,-14.24396103848,61.090636891079
    ));
#305 = CARTESIAN_POINT('',(13.493859954873,-9.686915968115,
    61.631239917614));
#306 = CARTESIAN_POINT('',(16.894610746597,-1.663973848241,
    62.171876521151));
#307 = CARTESIAN_POINT('',(15.124402736328,6.868262866277,
    62.712508048139));
#308 = CARTESIAN_POINT('',(9.353335338314,12.662522801439,
    63.253115540516));
#309 = CARTESIAN_POINT('',(2.099225345583,14.423162486811,
    63.793755707187));
#310 = CARTESIAN_POINT('',(-4.284077280586,12.54506408171,
    64.334373893017));
#311 = CARTESIAN_POINT('',(-8.414570696118,8.414570696122,
    64.875000000035));
#312 = CARTESIAN_POINT('',(-12.54506400376,4.284077382489,
    65.415627382159));
#313 = CARTESIAN_POINT('',(-14.4231625998,-2.099225373044,
    65.956243290705));
#314 = CARTESIAN_POINT('',(-12.6625226838,-9.353335207095,
    66.496886890819));
#315 = CARTESIAN_POINT('',(-6.86826311013,-15.12440277507,
    67.037489917918));
#316 = CARTESIAN_POINT('',(1.663973993484,-16.89461073233,
    67.578126520875));
#317 = CARTESIAN_POINT('',(9.686915721384,-13.49385996436,
    68.118758048328));
#318 = CARTESIAN_POINT('',(14.243961179456,-6.703277971647,
    68.65936554043));
#319 = CARTESIAN_POINT('',(14.555564012599,0.754930094855,
    69.200005707191));
#320 = CARTESIAN_POINT('',(11.468232176844,6.649180528319,
    69.740623893052));
#321 = CARTESIAN_POINT('',(6.611285772933,9.8944883864,70.281249999998)
  );
#322 = CARTESIAN_POINT('',(1.754339462305,13.139796156683,
    70.821877340168));
#323 = CARTESIAN_POINT('',(-4.872708789322,13.736487003682,
    71.362493470948));
#324 = CARTESIAN_POINT('',(-11.64394910338,10.594470727646,
    71.903136425091));
#325 = CARTESIAN_POINT('',(-16.17372331322,3.785666669195,
    72.443740800043));
#326 = CARTESIAN_POINT('',(-16.24536025071,-4.927976123922,
    72.984375210675));
#327 = CARTESIAN_POINT('',(-11.34475578318,-12.13330598651,
    73.525009620746));
#328 = CARTESIAN_POINT('',(-3.795617331168,-15.27801197135,
    74.06561399615));
#329 = CARTESIAN_POINT('',(3.580073946372,-14.12860349384,
    74.606256950001));
#330 = CARTESIAN_POINT('',(8.758759529097,-9.950682464016,75.14687308093
    ));
#331 = CARTESIAN_POINT('',(10.994166420377,-4.553932884997,
    75.687500421043));
#332 = CARTESIAN_POINT('',(13.229573336209,0.842816819687,
    76.228126570118));
#333 = CARTESIAN_POINT('',(12.521925900279,7.458936607927,
    76.768744533388));
#334 = CARTESIAN_POINT('',(8.119279176911,13.487092747714,
    77.309385346683));
#335 = CARTESIAN_POINT('',(0.557589283345,16.601496517961,
    77.849991490214));
#336 = CARTESIAN_POINT('',(-8.002599087456,14.971809910098,
    78.390625210749));
#337 = CARTESIAN_POINT('',(-14.11341984967,8.759678794912,
    78.931258930427));
#338 = CARTESIAN_POINT('',(-15.72493759966,0.742093408182,
    79.471865074694));
#339 = CARTESIAN_POINT('',(-13.15868844254,-6.267637676535,
    80.012505887461));
#340 = CARTESIAN_POINT('',(-8.050733753643,-10.53174424669,
    80.553123851031));
#341 = CARTESIAN_POINT('',(-2.32157483199,-11.67134483679,
    81.093749999983));
#342 = CARTESIAN_POINT('',(3.407583971508,-12.81094537749,
    81.634377340226));
#343 = CARTESIAN_POINT('',(9.758521913568,-10.8261542669,82.174993470829
    ));
#344 = CARTESIAN_POINT('',(14.811934676342,-5.332068253871,
    82.715636425262));
#345 = CARTESIAN_POINT('',(16.391283848373,2.691915999003,
    83.256240799863));
#346 = CARTESIAN_POINT('',(13.122901016168,10.769686498407,
    83.796875210819));
#347 = CARTESIAN_POINT('',(5.837972488591,15.551163145042,
    84.337509620658));
#348 = CARTESIAN_POINT('',(-2.339948895425,15.567562426064,
    84.878113996189));
#349 = CARTESIAN_POINT('',(-8.714339523467,11.683092604998,
    85.418756949988));
#350 = CARTESIAN_POINT('',(-11.89999997882,5.841399703171,
    85.959373080934));
#351 = CARTESIAN_POINT('',(-11.9,4.313545776125E-08,86.500000421039));
#352 = CARTESIAN_POINT('',(11.9,3.441691376338E-15,1.910774536907));
#353 = CARTESIAN_POINT('',(11.899996093834,5.841399556095,2.451401919178
    ));
#354 = CARTESIAN_POINT('',(8.714351510222,11.683093375304,2.992017827376
    ));
#355 = CARTESIAN_POINT('',(2.339924765202,15.567555346884,3.532661428094
    ));
#356 = CARTESIAN_POINT('',(-5.837941534221,15.551180208605,
    4.073264454368));
#357 = CARTESIAN_POINT('',(-13.12292628828,10.769657705752,
    4.613901058242));
#358 = CARTESIAN_POINT('',(-16.39127005343,2.691946906969,5.154532584855
    ));
#359 = CARTESIAN_POINT('',(-14.81193747154,-5.332090453942,
    5.695140077586));
#360 = CARTESIAN_POINT('',(-9.75852209514,-10.82614374302,6.235780243977
    ));
#361 = CARTESIAN_POINT('',(-3.40758357235,-12.81094715173,6.776398429992
    ));
#362 = CARTESIAN_POINT('',(2.321574831991,-11.67134483679,7.31702453691)
  );
#363 = CARTESIAN_POINT('',(8.050732771509,-10.53174048528,7.857651919169
    ));
#364 = CARTESIAN_POINT('',(13.158691654369,-6.267649240719,
    8.398267827397));
#365 = CARTESIAN_POINT('',(15.72492581201,0.742115618608,8.938911428058)
  );
#366 = CARTESIAN_POINT('',(14.113442747703,8.759651879322,9.479514454414
    ));
#367 = CARTESIAN_POINT('',(8.002565837367,14.971828929104,
    10.020151058198));
#368 = CARTESIAN_POINT('',(-0.557556250955,16.601489184511,
    10.560782584888));
#369 = CARTESIAN_POINT('',(-8.119301482038,13.487091002638,
    11.101390077569));
#370 = CARTESIAN_POINT('',(-12.52191564462,7.458938960393,
    11.642030243981));
#371 = CARTESIAN_POINT('',(-13.22957497086,0.842816004343,
    12.182648429995));
#372 = CARTESIAN_POINT('',(-10.99416643688,-4.553932845146,
    12.723274536905));
#373 = CARTESIAN_POINT('',(-8.758755996107,-9.950680841411,
    13.263901919182));
#374 = CARTESIAN_POINT('',(-3.580084725921,-14.12860879264,
    13.804517827369));
#375 = CARTESIAN_POINT('',(3.795636915534,-15.27799619683,
    14.345161428106));
#376 = CARTESIAN_POINT('',(11.344733714959,-12.13333359686,
    14.88576445435));
#377 = CARTESIAN_POINT('',(16.245372580701,-4.927939851837,
    15.426401058266));
#378 = CARTESIAN_POINT('',(16.173722396272,3.785632834947,
    15.967032584829));
#379 = CARTESIAN_POINT('',(11.64394319025,10.594492307449,16.50764007761
    ));
#380 = CARTESIAN_POINT('',(4.872712984378,13.73647735041,17.04828024396)
  );
#381 = CARTESIAN_POINT('',(-1.754340510047,13.139797643092,
    17.588898430001));
#382 = CARTESIAN_POINT('',(-6.611285772933,9.8944883864,18.129524536907)
  );
#383 = CARTESIAN_POINT('',(-11.46822982699,6.649177425998,
    18.670151919182));
#384 = CARTESIAN_POINT('',(-14.5555714184,0.754939562783,19.210767827364
    ));
#385 = CARTESIAN_POINT('',(-14.24394175583,-6.703294014325,
    19.751411428123));
#386 = CARTESIAN_POINT('',(-9.686947240343,-13.49384379623,
    20.292014454312));
#387 = CARTESIAN_POINT('',(-1.663935901412,-16.89461567445,
    20.832651058326));
#388 = CARTESIAN_POINT('',(6.86822967208,-15.12440852671,21.373282584756
    ));
#389 = CARTESIAN_POINT('',(12.662542734952,-9.353325171062,
    21.913890077679));
#390 = CARTESIAN_POINT('',(14.423153935141,-2.099231380992,
    22.454530243907));
#391 = CARTESIAN_POINT('',(12.545065260757,4.28407870245,22.995148430033
    ));
#392 = CARTESIAN_POINT('',(8.414570696136,8.414570696139,23.535774536891
    ));
#393 = CARTESIAN_POINT('',(4.284074756808,12.545061136421,
    24.076401877129));
#394 = CARTESIAN_POINT('',(-2.099217763825,14.423171748836,
    24.617018007742));
#395 = CARTESIAN_POINT('',(-9.353346613226,12.662500230393,
    25.157660962162));
#396 = CARTESIAN_POINT('',(-15.12439429702,6.868297673786,
    25.698265336769));
#397 = CARTESIAN_POINT('',(-16.89460627747,-1.664013271139,
    26.238899747741));
#398 = CARTESIAN_POINT('',(-13.49387438149,-9.686882976522,
    26.779534157535));
#399 = CARTESIAN_POINT('',(-6.703261889313,-14.24398004074,
    27.320138533132));
#400 = CARTESIAN_POINT('',(0.754920719195,-14.55555576116,
    27.860781486865));
#401 = CARTESIAN_POINT('',(6.649183321142,-11.46823373638,
    28.401397617857));
#402 = CARTESIAN_POINT('',(9.894487780766,-6.611285420141,
    28.942024957941));
#403 = CARTESIAN_POINT('',(13.139794019343,-1.75433805911,
    29.482651107011));
#404 = CARTESIAN_POINT('',(13.736495592619,4.872703861654,
    30.023269070349));
#405 = CARTESIAN_POINT('',(10.594448910799,11.643955367392,
    30.563909883493));
#406 = CARTESIAN_POINT('',(3.785699565603,16.173721635474,
    31.104516027245));
#407 = CARTESIAN_POINT('',(-4.928011306651,16.245349234726,
    31.645149747521));
#408 = CARTESIAN_POINT('',(-12.13327865568,11.344774513771,
    32.185783467464));
#409 = CARTESIAN_POINT('',(-15.27802597242,3.795599979467,
    32.726389611493));
#410 = CARTESIAN_POINT('',(-14.12859804472,-3.580064995208,
    33.26703042444));
#411 = CARTESIAN_POINT('',(-9.95068302551,-8.758761297415,
    33.807648387902));
#412 = CARTESIAN_POINT('',(-4.553932845146,-10.99416643689,
    34.348274536902));
#413 = CARTESIAN_POINT('',(0.842818071328,-13.22956965055,
    34.888901877089));
#414 = CARTESIAN_POINT('',(7.458933196798,-12.52193731334,
    35.429518007829));
#415 = CARTESIAN_POINT('',(13.487094546745,-8.119254007493,
    35.970160962025));
#416 = CARTESIAN_POINT('',(16.601502061288,-0.557624521651,
    36.510765336941));
#417 = CARTESIAN_POINT('',(14.971790639079,8.002633721455,
    37.051399747559));
#418 = CARTESIAN_POINT('',(8.759704729378,14.113395080254,
    37.592034157701));
#419 = CARTESIAN_POINT('',(0.742071287749,15.724948888899,
    38.132638533001));
#420 = CARTESIAN_POINT('',(-6.267625839607,13.158684400101,
    38.673281486952));
#421 = CARTESIAN_POINT('',(-10.53174742781,8.050734127346,
    39.213897617811));
#422 = CARTESIAN_POINT('',(-11.67134414222,2.321574737814,
    39.754524957959));
#423 = CARTESIAN_POINT('',(-12.81094286584,-3.407584449977,
    40.295151107015));
#424 = CARTESIAN_POINT('',(-10.82616408797,-9.758520647743,
    40.835769070297));
#425 = CARTESIAN_POINT('',(-5.332045700201,-14.81193211488,
    41.376409883601));
#426 = CARTESIAN_POINT('',(2.6918849641,-16.3912948867,41.917016027098)
  );
#427 = CARTESIAN_POINT('',(10.769714787874,-13.12287737555,
    42.457649747678));
#428 = CARTESIAN_POINT('',(15.551145062211,-5.838000251838,
    42.998283467329));
#429 = CARTESIAN_POINT('',(15.567568721291,2.339970283892,
    43.538889611582));
#430 = CARTESIAN_POINT('',(11.683090996106,8.714329168539,
    44.079530424404));
#431 = CARTESIAN_POINT('',(5.841399545211,11.900001827398,44.6201483879)
  );
#432 = CARTESIAN_POINT('',(2.524605524634E-12,11.899999999981,
    45.160774536917));
#433 = CARTESIAN_POINT('',(-5.841399556095,11.899996093878,
    45.701401919157));
#434 = CARTESIAN_POINT('',(-11.68309337531,8.714351510143,
    46.242017827403));
#435 = CARTESIAN_POINT('',(-15.56755534684,2.339924765313,
    46.782661428074));
#436 = CARTESIAN_POINT('',(-15.55118020865,-5.837941534341,
    47.323264454368));
#437 = CARTESIAN_POINT('',(-10.7696577057,-13.12292628818,
    47.863901058262));
#438 = CARTESIAN_POINT('',(-2.691946906985,-16.39127005349,
    48.404532584825));
#439 = CARTESIAN_POINT('',(5.332090453928,-14.81193747152,
    48.945140077616));
#440 = CARTESIAN_POINT('',(10.826143743051,-9.758522095143,
    49.485780243953));
#441 = CARTESIAN_POINT('',(12.810947151705,-3.407583572355,
    50.02639843001));
#442 = CARTESIAN_POINT('',(11.67134483681,2.321574831996,50.567024536899
    ));
#443 = CARTESIAN_POINT('',(10.531740515985,8.050732708512,
    51.107651877093));
#444 = CARTESIAN_POINT('',(6.267649108983,13.158691924364,
    51.648268007839));
#445 = CARTESIAN_POINT('',(-0.742115278265,15.724925114761,
    52.188910961974));
#446 = CARTESIAN_POINT('',(-8.759652523925,14.113444067988,
    52.729515337047));
#447 = CARTESIAN_POINT('',(-14.97182797171,8.002563876678,
    53.270149747417));
#448 = CARTESIAN_POINT('',(-16.60149033346,-0.557553898089,
    53.810784157841));
#449 = CARTESIAN_POINT('',(-13.48708987429,-8.119303792628,
    54.351388532897));
#450 = CARTESIAN_POINT('',(-7.458939868415,-12.52191378522,
    54.89203148701));
#451 = CARTESIAN_POINT('',(-0.842815411031,-13.2295761858,
    55.432647617789));
#452 = CARTESIAN_POINT('',(4.553932537566,-10.99416580704,
    55.973274957961));
#453 = CARTESIAN_POINT('',(9.950681434739,-8.758757211086,
    56.513901106959));
#454 = CARTESIAN_POINT('',(14.128607884577,-3.580082866398,
    57.054519070458));
#455 = CARTESIAN_POINT('',(15.27799732524,3.79563460465,57.595159883312)
  );
#456 = CARTESIAN_POINT('',(12.133332447862,11.344736068283,
    58.135766027485));
#457 = CARTESIAN_POINT('',(4.927940809236,16.245370619495,
    58.676399747265));
#458 = CARTESIAN_POINT('',(-3.785633479532,16.173723716984,
    59.217033467686));
#459 = CARTESIAN_POINT('',(-10.59449196712,11.64394249275,
    59.757639611335));
#460 = CARTESIAN_POINT('',(-13.73647748213,4.87271325447,60.298280424531
    ));
#461 = CARTESIAN_POINT('',(-13.13979761238,-1.754340573066,
    60.838898387862));
#462 = CARTESIAN_POINT('',(-9.894488386391,-6.611285772926,
    61.379524536914));
#463 = CARTESIAN_POINT('',(-6.649177426042,-11.46822982701,
    61.920151919151));
#464 = CARTESIAN_POINT('',(-0.754939562664,-14.55557141838,
    62.460767827436));
#465 = CARTESIAN_POINT('',(6.703294014098,-14.24394175581,
    63.001411427996));
#466 = CARTESIAN_POINT('',(13.493843796556,-9.686947240455,
    63.542014454501));
#467 = CARTESIAN_POINT('',(16.894615674088,-1.663935901199,
    64.082651058084));
#468 = CARTESIAN_POINT('',(15.12440852705,6.86822967181,64.62328258502)
  );
#469 = CARTESIAN_POINT('',(9.353325170788,12.662542735209,
    65.163890077439));
#470 = CARTESIAN_POINT('',(2.099231381189,14.423153934949,
    65.704530244086));
#471 = CARTESIAN_POINT('',(-4.284078702573,12.545065260871,
    66.245148429926));
#472 = CARTESIAN_POINT('',(-8.414570696077,8.414570696084,
    66.785774536942));
#473 = CARTESIAN_POINT('',(-12.54506117193,4.284074696446,
    67.326401919067));
#474 = CARTESIAN_POINT('',(-14.4231715971,-2.099217504759,
    67.867017827608));
#475 = CARTESIAN_POINT('',(-12.66250062169,-9.353347282616,
    68.407661427735));
#476 = CARTESIAN_POINT('',(-6.868296933459,-15.12439302903,
    68.948264454806));
#477 = CARTESIAN_POINT('',(1.664012172342,-16.89460816108,
    69.488901057808));
#478 = CARTESIAN_POINT('',(9.686884294628,-13.49387212052,
    70.029532585208));
#479 = CARTESIAN_POINT('',(14.243978746569,-6.703264110172,
    70.570140077355));
#480 = CARTESIAN_POINT('',(14.55555680256,0.754922506713,71.110780244089
    ));
#481 = CARTESIAN_POINT('',(11.468233055907,6.649182152998,71.65139842996
    ));
#482 = CARTESIAN_POINT('',(6.611285772935,9.894488386406,72.192024536905
    ));
#483 = CARTESIAN_POINT('',(1.754337444853,13.13979282829,72.732651877075
    ));
#484 = CARTESIAN_POINT('',(-4.872703104227,13.736497478274,
    73.273268007853));
#485 = CARTESIAN_POINT('',(-11.64395592797,10.594446436645,
    73.813910962005));
#486 = CARTESIAN_POINT('',(-16.1737217068,3.785702305876,74.354515336935
    ));
#487 = CARTESIAN_POINT('',(-16.24534826984,-4.928013901509,
    74.895149747603));
#488 = CARTESIAN_POINT('',(-11.34477625007,-12.13327653481,
    75.435784157632));
#489 = CARTESIAN_POINT('',(-3.795597938598,-15.27802747882,
    75.976388533071));
#490 = CARTESIAN_POINT('',(3.580063189737,-14.12859711243,
    76.517031486901));
#491 = CARTESIAN_POINT('',(8.758762540705,-9.950683525609,
    77.057647617838));
#492 = CARTESIAN_POINT('',(10.994165774045,-4.553932617278,
    77.59827495795));
#493 = CARTESIAN_POINT('',(13.229570938544,0.842817701248,
    78.138901107025));
#494 = CARTESIAN_POINT('',(12.521935316247,7.458933571702,
    78.679519070292));
#495 = CARTESIAN_POINT('',(8.119256543277,13.487094479895,
    79.220159883598));
#496 = CARTESIAN_POINT('',(0.557621848192,16.601501456225,
    79.760766027105));
#497 = CARTESIAN_POINT('',(-8.002631364894,14.971792092306,
    80.301399747678));
#498 = CARTESIAN_POINT('',(-14.11339682154,8.759702612034,
    80.842033467311));
#499 = CARTESIAN_POINT('',(-15.7249478096,0.742073583772,81.382639611617
    ));
#500 = CARTESIAN_POINT('',(-13.15868496226,-6.267627792542,
    81.923280424361));
#501 = CARTESIAN_POINT('',(-8.050733879389,-10.53174611072,
    82.46389838794));
#502 = CARTESIAN_POINT('',(-2.321574831995,-11.67134483682,
    83.00452453689));
#503 = CARTESIAN_POINT('',(3.407584561688,-12.81094153032,
    83.545151877133));
#504 = CARTESIAN_POINT('',(9.758520669606,-10.82616611998,
    84.085768007733));
#505 = CARTESIAN_POINT('',(14.811931685852,-5.332043199913,
    84.626410962176));
#506 = CARTESIAN_POINT('',(16.391296001525,2.691882459878,
    85.167015336754));
#507 = CARTESIAN_POINT('',(13.122875490724,10.769716815759,
    85.707649747747));
#508 = CARTESIAN_POINT('',(5.838002667996,15.551143767395,
    86.248284157545));
#509 = CARTESIAN_POINT('',(-2.339972746167,15.56756933194,
    86.788888533108));
#510 = CARTESIAN_POINT('',(-8.714327143613,11.683090825721,
    87.32953148689));
#511 = CARTESIAN_POINT('',(-11.90000316743,5.841399531465,
    87.870147617842));
#512 = CARTESIAN_POINT('',(-11.89999930042,4.313700552316E-08,
    88.410774957946));
#513 = CARTESIAN_POINT('',(9.53726958087,-5.773159728051E-15,
    2.185129240732));
#514 = CARTESIAN_POINT('',(9.537265123144,4.681595276416,2.725751728511)
  );
#515 = CARTESIAN_POINT('',(6.984130085273,9.363437617134,3.266386316257)
  );
#516 = CARTESIAN_POINT('',(1.875335713061,12.476614804171,3.806991700904
    ));
#517 = CARTESIAN_POINT('',(-4.678836197834,12.463546478489,
    4.347639873245));
#518 = CARTESIAN_POINT('',(-10.51736147826,8.631319017956,4.88825263643)
  );
#519 = CARTESIAN_POINT('',(-13.13683096002,2.157489781193,5.42887075376)
  );
#520 = CARTESIAN_POINT('',(-11.87102564833,-4.273422501204,
    5.969514216059));
#521 = CARTESIAN_POINT('',(-7.82098776289,-8.676622606217,6.510123222344
    ));
#522 = CARTESIAN_POINT('',(-2.731010119037,-10.26734959345,
    7.050755408029));
#523 = CARTESIAN_POINT('',(1.860628993685,-9.354013620149,7.591379240729
    ));
#524 = CARTESIAN_POINT('',(6.452267859947,-8.440675318074,8.132001728522
    ));
#525 = CARTESIAN_POINT('',(10.546057976188,-5.023215924114,
    8.672636316229));
#526 = CARTESIAN_POINT('',(12.602739997348,0.594765136566,9.213241700957
    ));
#527 = CARTESIAN_POINT('',(11.311267267239,7.020450968288,9.75388987317)
  );
#528 = CARTESIAN_POINT('',(6.413635205685,11.999160133124,
    10.294502636512));
#529 = CARTESIAN_POINT('',(-0.446834362199,13.305315812946,
    10.835120753694));
#530 = CARTESIAN_POINT('',(-6.507232102558,10.809223847284,
    11.375764216097));
#531 = CARTESIAN_POINT('',(-10.03570275692,5.977984577801,
    11.916373222331));
#532 = CARTESIAN_POINT('',(-10.60285899356,0.675473986947,
    12.457005408028));
#533 = CARTESIAN_POINT('',(-8.811288161811,-3.649755058599,
    12.997629240734));
#534 = CARTESIAN_POINT('',(-7.019715094074,-7.974983408082,
    13.538251728505));
#535 = CARTESIAN_POINT('',(-2.869262392144,-11.32339924153,
    14.078886316273));
#536 = CARTESIAN_POINT('',(3.042009495721,-12.24454896011,14.61949170087
    ));
#537 = CARTESIAN_POINT('',(9.092273744908,-9.724302398299,
    15.160139873301));
#538 = CARTESIAN_POINT('',(13.019837793511,-3.949478989373,
    15.700752636361));
#539 = CARTESIAN_POINT('',(12.962484840705,3.03398691178,16.241370753827
    ));
#540 = CARTESIAN_POINT('',(9.332029635762,8.490972423392,16.78201421601)
  );
#541 = CARTESIAN_POINT('',(3.905250797845,11.009116478826,
    17.322623222371));
#542 = CARTESIAN_POINT('',(-1.406020231647,10.530906468694,
    17.863255408019));
#543 = CARTESIAN_POINT('',(-5.298623083414,7.929949840831,
    18.403879240732));
#544 = CARTESIAN_POINT('',(-9.191224816275,5.32899115574,18.944501728508
    ));
#545 = CARTESIAN_POINT('',(-11.66558862424,0.605044715478,
    19.485136316273));
#546 = CARTESIAN_POINT('',(-11.41580677319,-5.372351135828,
    20.025741700864));
#547 = CARTESIAN_POINT('',(-7.763638041635,-10.81468554064,
    20.56638987332));
#548 = CARTESIAN_POINT('',(-1.333546510383,-13.54017038899,
    21.107002636325));
#549 = CARTESIAN_POINT('',(5.504545045806,-12.12151284554,
    21.647620753876));
#550 = CARTESIAN_POINT('',(10.148409435785,-7.496210758792,
    22.188264215957));
#551 = CARTESIAN_POINT('',(11.559456028455,-1.68244041979,
    22.728873222415));
#552 = CARTESIAN_POINT('',(10.054257114,3.433481881211,23.269505407989)
  );
#553 = CARTESIAN_POINT('',(6.743867994658,6.743867994656,23.810129240747
    ));
#554 = CARTESIAN_POINT('',(3.433477139735,10.054252560968,
    24.350751772847));
#555 = CARTESIAN_POINT('',(-1.682424764397,11.559476185184,
    24.891386126101));
#556 = CARTESIAN_POINT('',(-7.496235626576,10.148360999829,
    25.431992192121));
#557 = CARTESIAN_POINT('',(-12.12149637695,5.504622440269,
    25.972638942933));
#558 = CARTESIAN_POINT('',(-13.54015983824,-1.333634914805,
    26.513254018153));
#559 = CARTESIAN_POINT('',(-10.81472029969,-7.763564798851,
    27.053869095516));
#560 = CARTESIAN_POINT('',(-5.372314358927,-11.41585053424,
    27.594515844628));
#561 = CARTESIAN_POINT('',(0.60502331098,-11.66557074166,28.13512191171)
  );
#562 = CARTESIAN_POINT('',(5.32899798201,-9.191229227282,28.675756264455
    ));
#563 = CARTESIAN_POINT('',(7.929949200915,-5.298622601131,
    29.216378796731));
#564 = CARTESIAN_POINT('',(10.53090234738,-1.406017327719,
    29.757002584991));
#565 = CARTESIAN_POINT('',(11.009137263922,3.905240490252,
    30.297635005448));
#566 = CARTESIAN_POINT('',(8.490922799931,9.332043605591,30.83824332983)
  );
#567 = CARTESIAN_POINT('',(3.034062911291,12.96248407689,31.378888214476
    ));
#568 = CARTESIAN_POINT('',(-3.94956056059,13.019810943234,
    31.919504018738));
#569 = CARTESIAN_POINT('',(-9.724239986181,9.092320440595,
    32.460119822949));
#570 = CARTESIAN_POINT('',(-12.24458271983,3.041967001423,
    33.000764707601));
#571 = CARTESIAN_POINT('',(-11.32338718049,-2.869239833898,
    33.54137303203));
#572 = CARTESIAN_POINT('',(-7.974985667002,-7.019721305841,
    34.082005452417));
#573 = CARTESIAN_POINT('',(-3.649755058602,-8.811288161815,
    34.622629240736));
#574 = CARTESIAN_POINT('',(0.675476625118,-10.60285297263,
    35.163251772895));
#575 = CARTESIAN_POINT('',(5.977977827805,-10.03572737033,
    35.703886125974));
#576 = CARTESIAN_POINT('',(10.809228286342,-6.507177837151,
    36.244492192365));
#577 = CARTESIAN_POINT('',(13.305330215784,-0.446912167522,
    36.785138942577));
#578 = CARTESIAN_POINT('',(11.999116554265,6.413712843045,37.32575401856
    ));
#579 = CARTESIAN_POINT('',(7.020511110601,11.311212901479,
    37.866369095151));
#580 = CARTESIAN_POINT('',(0.594714412241,12.602766353386,
    38.407015844888));
#581 = CARTESIAN_POINT('',(-5.023189305405,10.546049645962,
    38.947621911563));
#582 = CARTESIAN_POINT('',(-8.440683312825,6.452269322908,39.48825626452
    ));
#583 = CARTESIAN_POINT('',(-9.354012844352,1.860628792987,
    40.028878796708));
#584 = CARTESIAN_POINT('',(-10.26734467452,-2.731011224762,
    40.569502584965));
#585 = CARTESIAN_POINT('',(-8.676645753927,-7.820986193912,
    41.110135005612));
#586 = CARTESIAN_POINT('',(-4.273371308596,-11.87101956507,
    41.65074332945));
#587 = CARTESIAN_POINT('',(2.15741927387,-13.1368593374,42.191388215051)
  );
#588 = CARTESIAN_POINT('',(8.631384105349,-10.51730545677,
    42.732004018111));
#589 = CARTESIAN_POINT('',(12.463506686527,-4.678903222323,
    43.272619823455));
#590 = CARTESIAN_POINT('',(12.476629732345,1.875387891464,
    43.813264707307));
#591 = CARTESIAN_POINT('',(9.363435106843,6.984104628812,44.35387303214)
  );
#592 = CARTESIAN_POINT('',(4.681594986237,9.537271726492,44.894505452405
    ));
#593 = CARTESIAN_POINT('',(1.328541443524E-12,9.537269580848,
    45.43512924072));
#594 = CARTESIAN_POINT('',(-4.681595276416,9.537265123194,
    45.975751728543));
#595 = CARTESIAN_POINT('',(-9.363437617147,6.984130085184,
    46.516386316197));
#596 = CARTESIAN_POINT('',(-12.47661480413,1.875335713182,
    47.056991700989));
#597 = CARTESIAN_POINT('',(-12.46354647854,-4.67883619796,
    47.597639873153));
#598 = CARTESIAN_POINT('',(-8.631319017903,-10.51736147816,
    48.138252636505));
#599 = CARTESIAN_POINT('',(-2.157489781216,-13.13683096007,
    48.67887075372));
#600 = CARTESIAN_POINT('',(4.273422501192,-11.87102564831,
    49.219514216066));
#601 = CARTESIAN_POINT('',(8.676622606246,-7.820987762891,
    49.760123222355));
#602 = CARTESIAN_POINT('',(10.267349593427,-2.731010119041,
    50.300755408015));
#603 = CARTESIAN_POINT('',(9.354013620168,1.860628993688,50.84137924074)
  );
#604 = CARTESIAN_POINT('',(8.440675344428,6.452267784284,51.382001772888
    ));
#605 = CARTESIAN_POINT('',(5.023215811011,10.546058300489,
    51.922636125974));
#606 = CARTESIAN_POINT('',(-0.594764844328,12.602739159838,52.4632421924
    ));
#607 = CARTESIAN_POINT('',(-7.020451521815,11.311268853137,
    53.003888942481));
#608 = CARTESIAN_POINT('',(-11.99915931098,6.413632850529,
    53.544504018712));
#609 = CARTESIAN_POINT('',(-13.30531679961,-0.446831535954,
    54.085119094987));
#610 = CARTESIAN_POINT('',(-10.8092228783,-6.507234878026,
    54.625765845011));
#611 = CARTESIAN_POINT('',(-5.977985357577,-10.03570052343,55.1663719115
    ));
#612 = CARTESIAN_POINT('',(-0.675473477431,-10.60286045295,
    55.707006264536));
#613 = CARTESIAN_POINT('',(3.64975479446,-8.811287405251,56.247628796712
    ));
#614 = CARTESIAN_POINT('',(7.974983917613,-7.019716553497,
    56.788252585041));
#615 = CARTESIAN_POINT('',(11.323398461722,-2.869260158505,
    57.328885005337));
#616 = CARTESIAN_POINT('',(12.244549929131,3.042006719926,
    57.869493330029));
#617 = CARTESIAN_POINT('',(9.724301411638,9.092276571662,58.41013821419)
  );
#618 = CARTESIAN_POINT('',(3.949479811446,13.01983543778,58.950754019065
    ));
#619 = CARTESIAN_POINT('',(-3.033987465207,12.962486427075,
    59.491369822656));
#620 = CARTESIAN_POINT('',(-8.490972131231,9.332028797979,
    60.032014707805));
#621 = CARTESIAN_POINT('',(-11.00911659189,3.905251122249,
    60.572623031921));
#622 = CARTESIAN_POINT('',(-10.53090644234,-1.406020307333,
    61.113255452459));
#623 = CARTESIAN_POINT('',(-7.92994984082,-5.298623083408,
    61.653879240726));
#624 = CARTESIAN_POINT('',(-5.32899115579,-9.191224816295,
    62.194501728545));
#625 = CARTESIAN_POINT('',(-0.605044715348,-11.66558862423,
    62.735136316171));
#626 = CARTESIAN_POINT('',(5.372351135592,-11.41580677314,
    63.275741701057));
#627 = CARTESIAN_POINT('',(10.814685540968,-7.763638041807,
    63.816389873045));
#628 = CARTESIAN_POINT('',(13.540170388643,-1.333546510077,
    64.357002636638));
#629 = CARTESIAN_POINT('',(12.121512845856,5.504545045431,
    64.897620753581));
#630 = CARTESIAN_POINT('',(7.496210758541,10.148409436134,
    65.438264216196));
#631 = CARTESIAN_POINT('',(1.682440419976,11.5594560282,65.978873222247)
  );
#632 = CARTESIAN_POINT('',(-3.433481881332,10.054257114148,
    66.519505408089));
#633 = CARTESIAN_POINT('',(-6.743867994593,6.743867994592,
    67.060129240699));
#634 = CARTESIAN_POINT('',(-10.05425260943,3.433477075994,
    67.600751728648));
#635 = CARTESIAN_POINT('',(-11.55947597794,-1.682424490748,
    68.14138631591));
#636 = CARTESIAN_POINT('',(-10.14836153443,-7.496236333728,
    68.681991701541));
#637 = CARTESIAN_POINT('',(-5.504621428634,-12.12149503734,
    69.222639872365));
#638 = CARTESIAN_POINT('',(1.333633413129,-13.54016182832,
    69.763252637365));
#639 = CARTESIAN_POINT('',(7.763566600436,-10.81471791083,
    70.303870753001));
#640 = CARTESIAN_POINT('',(11.415848765229,-5.372316705455,
    70.844514216521));
#641 = CARTESIAN_POINT('',(11.665572165236,0.60502519967,71.385123222145
    ));
#642 = CARTESIAN_POINT('',(9.191228297053,5.328996747742,71.925755408076
    ));
#643 = CARTESIAN_POINT('',(5.298623083417,7.929949840836,72.466379240738
    ));
#644 = CARTESIAN_POINT('',(1.406016469562,10.530901078166,
    73.007001772908));
#645 = CARTESIAN_POINT('',(-3.905239375774,11.009139302355,
    73.547636125938));
#646 = CARTESIAN_POINT('',(-9.332044576063,8.490920066823,
    74.088242192409));
#647 = CARTESIAN_POINT('',(-12.96248378785,3.034066031836,
    74.628888942564));
#648 = CARTESIAN_POINT('',(-13.01981019823,-3.949563636703,
    75.169504018511));
#649 = CARTESIAN_POINT('',(-9.092322125359,-9.724237344003,
    75.710119095251));
#650 = CARTESIAN_POINT('',(-3.041964887917,-12.24458470554,
    76.250765844783));
#651 = CARTESIAN_POINT('',(2.869237910106,-11.32338587833,
    76.791371911635));
#652 = CARTESIAN_POINT('',(7.01972264977,-7.974986402617,77.332006264486
    ));
#653 = CARTESIAN_POINT('',(8.811287440082,-3.649754710412,
    77.872628796718));
#654 = CARTESIAN_POINT('',(10.602854384863,0.675476031071,78.41325258496
    ));
#655 = CARTESIAN_POINT('',(10.035725153737,5.977978523075,
    78.953885005591));
#656 = CARTESIAN_POINT('',(6.507180706899,10.809227868055,
    79.494493329525));
#657 = CARTESIAN_POINT('',(0.446909050749,13.305329889865,
    80.035138214916));
#658 = CARTESIAN_POINT('',(-6.413709971512,11.999117885861,
    80.575754018273));
#659 = CARTESIAN_POINT('',(-11.31121516419,7.020508941981,
    81.116369823324));
#660 = CARTESIAN_POINT('',(-12.60276481809,0.594716873093,
    81.657014707368));
#661 = CARTESIAN_POINT('',(-10.54605054786,-5.023191446585,
    82.197623032143));
#662 = CARTESIAN_POINT('',(-6.452268863574,-8.440681851076,
    82.738255452375));
#663 = CARTESIAN_POINT('',(-1.860628993694,-9.354013620182,
    83.278879240747));
#664 = CARTESIAN_POINT('',(2.731011531914,-10.26734317344,
    83.819501772844));
#665 = CARTESIAN_POINT('',(7.820985944351,-8.676648063731,
    84.360136126107));
#666 = CARTESIAN_POINT('',(11.871019415634,-4.273368412199,
    84.90074219212));
#667 = CARTESIAN_POINT('',(13.136860264868,2.157416280409,
    85.441388942914));
#668 = CARTESIAN_POINT('',(10.51730359083,8.631386662014,85.982004018201
    ));
#669 = CARTESIAN_POINT('',(4.678905790446,12.463504890339,
    86.522619095449));
#670 = CARTESIAN_POINT('',(-1.875390604327,12.476630758056,
    87.063265844692));
#671 = CARTESIAN_POINT('',(-6.984102353005,9.363434639996,
    87.603871911667));
#672 = CARTESIAN_POINT('',(-9.537273249633,4.681595151569,
    88.144506264474));
#673 = CARTESIAN_POINT('',(-9.537268780848,-4.548666987514E-08,
    88.685128796726));
#674 = CARTESIAN_POINT('',(7.58851554084,-6.106226635438E-15,
    -7.105427357601E-15));
#675 = CARTESIAN_POINT('',(7.588515552472,3.725001604127,0.540618450856)
  );
#676 = CARTESIAN_POINT('',(5.557047449745,7.450210075857,1.081268445286)
  );
#677 = CARTESIAN_POINT('',(1.492178241833,9.927249982056,1.621842309737)
  );
#678 = CARTESIAN_POINT('',(-3.72285775776,9.916878682196,2.16252771807)
  );
#679 = CARTESIAN_POINT('',(-8.368288529187,6.867677171229,2.703120817686
    ));
#680 = CARTESIAN_POINT('',(-10.45262261918,1.716636535927,3.243727875231
    ));
#681 = CARTESIAN_POINT('',(-9.445390643738,-3.400216782485,
    3.784401004791));
#682 = CARTESIAN_POINT('',(-6.222930437367,-6.903734440392,4.32498431059
    ));
#683 = CARTESIAN_POINT('',(-2.172980448025,-8.169416093905,4.86562804304
    ));
#684 = CARTESIAN_POINT('',(1.480445940486,-7.442704342567,5.406249999992
    ));
#685 = CARTESIAN_POINT('',(5.133872685567,-6.715992591514,5.946868450882
    ));
#686 = CARTESIAN_POINT('',(8.391182554731,-3.996806458437,6.48751844522)
  );
#687 = CARTESIAN_POINT('',(10.027610191004,0.473203940436,7.02809230986)
  );
#688 = CARTESIAN_POINT('',(9.00003512025,5.586011145295,7.568777717896)
  );
#689 = CARTESIAN_POINT('',(5.103144576217,9.547311562506,8.109370817875)
  );
#690 = CARTESIAN_POINT('',(-0.355553666436,10.586677581012,
    8.649977875077));
#691 = CARTESIAN_POINT('',(-5.17758687271,8.600550724063,9.19065100488)
  );
#692 = CARTESIAN_POINT('',(-7.985114621851,4.756506798833,9.731234310561
    ));
#693 = CARTESIAN_POINT('',(-8.436370509733,0.537453221587,
    10.271878043036));
#694 = CARTESIAN_POINT('',(-7.010874190327,-2.903999173723,
    10.812500000004));
#695 = CARTESIAN_POINT('',(-5.585377801637,-6.345451918805,
    11.353118450843));
#696 = CARTESIAN_POINT('',(-2.282970436351,-9.009686593869,
    11.893768445317));
#697 = CARTESIAN_POINT('',(2.420401160603,-9.742614963843,
    12.434342309677));
#698 = CARTESIAN_POINT('',(7.23449725728,-7.737325255918,12.975027718162
    ));
#699 = CARTESIAN_POINT('',(10.359436766544,-3.142500997035,
    13.515620817572));
#700 = CARTESIAN_POINT('',(10.313892460602,2.414080140829,
    14.056227875343));
#701 = CARTESIAN_POINT('',(7.425196463227,6.755985203009,14.596901004704
    ));
#702 = CARTESIAN_POINT('',(3.107293271534,8.759631326514,15.137484310643
    ));
#703 = CARTESIAN_POINT('',(-1.118728030756,8.379119938038,
    15.678128043016));
#704 = CARTESIAN_POINT('',(-4.215953347297,6.309620074695,
    16.218749999999));
#705 = CARTESIAN_POINT('',(-7.313178993372,4.240120075162,
    16.759368450846));
#706 = CARTESIAN_POINT('',(-9.281953429896,0.481401140697,
    17.300018445326));
#707 = CARTESIAN_POINT('',(-9.083216507344,-4.274583721547,
    17.840592309638));
#708 = CARTESIAN_POINT('',(-6.177274321145,-8.604965696806,
    18.381277718251));
#709 = CARTESIAN_POINT('',(-1.061092866861,-10.7734546253,
    18.921870817431));
#710 = CARTESIAN_POINT('',(4.379834869228,-9.644750237012,
    19.462477875517));
#711 = CARTESIAN_POINT('',(8.074754810766,-5.964496066411,
    20.003151004535));
#712 = CARTESIAN_POINT('',(9.197520311757,-1.338668206405,
    20.543734310775));
#713 = CARTESIAN_POINT('',(7.999864486186,2.731917192273,21.084378042933
    ));
#714 = CARTESIAN_POINT('',(5.365890798071,5.365890798065,21.625000000039
    ));
#715 = CARTESIAN_POINT('',(2.731916905487,7.999864690652,22.165618566441
    ));
#716 = CARTESIAN_POINT('',(-1.338668102563,9.197520043234,
    22.706267949529));
#717 = CARTESIAN_POINT('',(-5.964496500235,8.074755025282,
    23.246843590396));
#718 = CARTESIAN_POINT('',(-9.644749992213,4.379834405087,
    23.787525292656));
#719 = CARTESIAN_POINT('',(-10.77345486973,-1.061092773969,
    24.328124419925));
#720 = CARTESIAN_POINT('',(-8.604965424528,-6.177274631598,
    24.868723552154));
#721 = CARTESIAN_POINT('',(-4.2745836724,-9.083216481175,25.409405250438
    ));
#722 = CARTESIAN_POINT('',(0.481401321675,-9.281953458386,
    25.949980893837));
#723 = CARTESIAN_POINT('',(4.240120181071,-7.313178918701,
    26.490630275676));
#724 = CARTESIAN_POINT('',(6.309620140576,-4.215953248699,
    27.031248842526));
#725 = CARTESIAN_POINT('',(8.379119966484,-1.118727904342,
    27.571870683616));
#726 = CARTESIAN_POINT('',(8.759631230974,3.107293427858,28.112515028148
    ));
#727 = CARTESIAN_POINT('',(6.755985208292,7.425196518602,28.653096556149
    ));
#728 = CARTESIAN_POINT('',(2.414079749942,10.313892593404,
    29.193773393878));
#729 = CARTESIAN_POINT('',(-3.14250081782,10.359436576224,
    29.734374421175));
#730 = CARTESIAN_POINT('',(-7.737325778286,7.234497305847,
    30.274975448727));
#731 = CARTESIAN_POINT('',(-9.742614599722,2.420400841894,
    30.815652286185));
#732 = CARTESIAN_POINT('',(-9.009686881645,-2.282970443182,
    31.35623381446));
#733 = CARTESIAN_POINT('',(-6.345451620174,-5.58537798834,
    31.896878158755));
#734 = CARTESIAN_POINT('',(-2.903999173726,-7.010874190325,
    32.437500000011));
#735 = CARTESIAN_POINT('',(0.53745356477,-8.436370588878,32.97811856656)
  );
#736 = CARTESIAN_POINT('',(4.756506600174,-7.985114413534,
    33.518767949226));
#737 = CARTESIAN_POINT('',(8.600551206902,-5.177586904816,
    34.059343590955));
#738 = CARTESIAN_POINT('',(10.586677177289,-0.35555333142,
    34.600025291862));
#739 = CARTESIAN_POINT('',(9.547311823821,5.103144584086,35.140624420819
    ));
#740 = CARTESIAN_POINT('',(5.58601077498,9.000035302731,35.681223551348)
  );
#741 = CARTESIAN_POINT('',(0.47320390502,10.027610148122,36.221905251023
    ));
#742 = CARTESIAN_POINT('',(-3.996806636533,8.391182511744,
    36.762480893497));
#743 = CARTESIAN_POINT('',(-6.715992660786,5.133872576071,
    37.303130275833));
#744 = CARTESIAN_POINT('',(-7.442704365703,1.480445824176,37.84374884247
    ));
#745 = CARTESIAN_POINT('',(-8.169416071812,-2.172980575699,
    38.384370683565));
#746 = CARTESIAN_POINT('',(-6.903734292275,-6.222930545225,
    38.925015028491));
#747 = CARTESIAN_POINT('',(-3.400216766252,-9.445390696933,
    39.465596555367));
#748 = CARTESIAN_POINT('',(1.716636948022,-10.45262259226,
    40.006273395047));
#749 = CARTESIAN_POINT('',(6.867676932647,-8.368288421961,
    40.546874419901));
#750 = CARTESIAN_POINT('',(9.916879183543,-3.722857602706,
    41.087475449761));
#751 = CARTESIAN_POINT('',(9.927249523592,1.492178396924,41.628152285575
    ));
#752 = CARTESIAN_POINT('',(7.450210339149,5.55704756619,42.168733814693)
  );
#753 = CARTESIAN_POINT('',(3.725001256777,7.588515610681,42.709378158734
    ));
#754 = CARTESIAN_POINT('',(-2.249764610718E-12,7.588515540841,
    43.249999999968));
#755 = CARTESIAN_POINT('',(-3.725001604125,7.588515552471,
    43.790618450931));
#756 = CARTESIAN_POINT('',(-7.450210075855,5.557047449755,
    44.331268445156));
#757 = CARTESIAN_POINT('',(-9.927249982069,1.492178241805,
    44.871842309908));
#758 = CARTESIAN_POINT('',(-9.916878682176,-3.722857757703,
    45.412527717899));
#759 = CARTESIAN_POINT('',(-6.867677171245,-8.368288529264,
    45.953120817811));
#760 = CARTESIAN_POINT('',(-1.716636535922,-10.45262261911,
    46.493727875174));
#761 = CARTESIAN_POINT('',(3.400216782487,-9.445390643779,
    47.034401004788));
#762 = CARTESIAN_POINT('',(6.903734440389,-6.222930437354,
    47.574984310626));
#763 = CARTESIAN_POINT('',(8.169416093905,-2.172980448024,48.115628043)
  );
#764 = CARTESIAN_POINT('',(7.442704342568,1.480445940484,48.65625000002)
  );
#765 = CARTESIAN_POINT('',(6.715992580558,5.133872681037,49.196868566544
    ));
#766 = CARTESIAN_POINT('',(3.996806505397,8.391182574168,49.737517949217
    ));
#767 = CARTESIAN_POINT('',(-0.473204061714,10.027610140787,
    50.278093591058));
#768 = CARTESIAN_POINT('',(-5.586010915639,9.000035215362,
    50.818775291603));
#769 = CARTESIAN_POINT('',(-9.547311903564,5.103144434955,
    51.359374421209));
#770 = CARTESIAN_POINT('',(-10.58667717172,-0.355553496908,
    51.899973550939));
#771 = CARTESIAN_POINT('',(-8.600551125998,-5.177587039196,
    52.44065525133));
#772 = CARTESIAN_POINT('',(-4.756506475384,-7.985114487875,
    52.981230893337));
#773 = CARTESIAN_POINT('',(-0.537453432932,-8.436370597274,
    53.52188027588));
#774 = CARTESIAN_POINT('',(2.903999283287,-7.010874144944,
    54.062498842475));
#775 = CARTESIAN_POINT('',(6.345451707458,-5.585377889178,54.60312068375
    ));
#776 = CARTESIAN_POINT('',(9.009686917327,-2.282970302384,
    55.143765027858));
#777 = CARTESIAN_POINT('',(9.742614561879,2.420400994152,55.684346556655
    ));
#778 = CARTESIAN_POINT('',(7.737325665266,7.234497426738,56.225023393165
    ));
#779 = CARTESIAN_POINT('',(3.14250065588,10.359436625375,56.765624421974
    ));
#780 = CARTESIAN_POINT('',(-2.414079911073,10.313892555628,
    57.306225448017));
#781 = CARTESIAN_POINT('',(-6.75598532436,7.425196413065,57.846902286684
    ));
#782 = CARTESIAN_POINT('',(-8.759631279519,3.107293290948,
    58.387483814189));
#783 = CARTESIAN_POINT('',(-8.379119949004,-1.118728035281,
    58.928128158864));
#784 = CARTESIAN_POINT('',(-6.309620074693,-4.215953347299,
    59.468749999982));
#785 = CARTESIAN_POINT('',(-4.240120075161,-7.313178993368,
    60.009368450939));
#786 = CARTESIAN_POINT('',(-0.481401140714,-9.281953429904,
    60.550018445078));
#787 = CARTESIAN_POINT('',(4.274583721604,-9.083216507327,
    61.090592310098));
#788 = CARTESIAN_POINT('',(8.604965696697,-6.177274321178,
    61.631277717589));
#789 = CARTESIAN_POINT('',(10.773454625453,-1.061092866807,
    62.171870818205));
#790 = CARTESIAN_POINT('',(9.644750236868,4.379834869162,62.712477874757
    ));
#791 = CARTESIAN_POINT('',(5.964496066519,8.074754810828,63.253151005172
    ));
#792 = CARTESIAN_POINT('',(1.338668206343,9.197520311713,63.793734310319
    ));
#793 = CARTESIAN_POINT('',(-2.731917192246,7.999864486209,
    64.334378043205));
#794 = CARTESIAN_POINT('',(-5.365890798074,5.365890798061,64.87499999991
    ));
#795 = CARTESIAN_POINT('',(-7.999864700481,2.731916912098,
    65.415618451198));
#796 = CARTESIAN_POINT('',(-9.19752000105,-1.338668130825,
    65.956268444459));
#797 = CARTESIAN_POINT('',(-8.074755134264,-5.964496427323,
    66.496842311198));
#798 = CARTESIAN_POINT('',(-4.379834198684,-9.644750130222,
    67.037527716092));
#799 = CARTESIAN_POINT('',(1.061092467398,-10.77345466479,
    67.578120819766));
#800 = CARTESIAN_POINT('',(6.177274999574,-8.604965670482,
    68.118727873536));
#801 = CARTESIAN_POINT('',(9.08321611971,-4.274583430823,68.65940100584)
  );
#802 = CARTESIAN_POINT('',(9.281953749349,0.481401127237,69.199984310127
    ));
#803 = CARTESIAN_POINT('',(7.313178728539,4.240120308139,69.740628043152
    ));
#804 = CARTESIAN_POINT('',(4.215953347298,6.309620074694,70.281250000011
    ));
#805 = CARTESIAN_POINT('',(1.118727709609,8.379120082616,70.821868566596
    ));
#806 = CARTESIAN_POINT('',(-3.107293117325,8.759631083434,
    71.362517949144));
#807 = CARTESIAN_POINT('',(-7.425196930558,6.75598532872,71.903093591043
    ));
#808 = CARTESIAN_POINT('',(-10.31389212993,2.414079733447,
    72.443775291857));
#809 = CARTESIAN_POINT('',(-10.35943702445,-3.142500953725,
    72.984374420677));
#810 = CARTESIAN_POINT('',(-7.23449692962,-7.737325507178,
    73.524973551604));
#811 = CARTESIAN_POINT('',(-2.420401117532,-9.742614928665,
    74.065655250762));
#812 = CARTESIAN_POINT('',(2.282970619418,-9.00968658647,74.606230893676
    ));
#813 = CARTESIAN_POINT('',(5.585377890942,-6.345451824918,
    75.146880275748));
#814 = CARTESIAN_POINT('',(7.010874235707,-2.903999064165,
    75.687498842496));
#815 = CARTESIAN_POINT('',(8.436370512972,0.537453351121,76.228120683549
    ));
#816 = CARTESIAN_POINT('',(7.985114497636,4.756506933523,76.768765028448
    ));
#817 = CARTESIAN_POINT('',(5.177586867134,8.600550779371,77.309346555525
    ));
#818 = CARTESIAN_POINT('',(0.355553257059,10.586677635071,
    77.850023394763));
#819 = CARTESIAN_POINT('',(-5.103144363188,9.547311410722,
    78.390624420235));
#820 = CARTESIAN_POINT('',(-9.000035642182,5.586011091088,
    78.931225449502));
#821 = CARTESIAN_POINT('',(-10.02760977161,0.473203698849,79.47190228568
    ));
#822 = CARTESIAN_POINT('',(-8.391182835688,-3.996806521264,
    80.012483814723));
#823 = CARTESIAN_POINT('',(-5.133872356236,-6.715992716373,
    80.553128158649));
#824 = CARTESIAN_POINT('',(-1.480445940492,-7.442704342566,
    81.09375000004));
#825 = CARTESIAN_POINT('',(2.172980800071,-8.169416104583,
    81.634368566431));
#826 = CARTESIAN_POINT('',(6.222930201834,-6.903734274812,
    82.175017949548));
#827 = CARTESIAN_POINT('',(9.445391123661,-3.400216719826,
    82.715593590384));
#828 = CARTESIAN_POINT('',(10.452622157722,1.716636785815,83.25627529263
    ));
#829 = CARTESIAN_POINT('',(8.368288784078,6.867677229852,83.796874420013
    ));
#830 = CARTESIAN_POINT('',(3.722857358868,9.916878788983,84.337473552018
    ));
#831 = CARTESIAN_POINT('',(-1.492178268158,9.927249933054,
    84.878155250577));
#832 = CARTESIAN_POINT('',(-5.557047616047,7.450209998969,
    85.418730893739));
#833 = CARTESIAN_POINT('',(-7.58851559905,3.725001483211,85.959380275723
    ));
#834 = CARTESIAN_POINT('',(-7.58851554084,-1.185844651364E-07,
    86.499998842514));
#835 = CARTESIAN_POINT('',(9.53726958087,-1.887379141863E-15,
    -2.185129240732));
#836 = CARTESIAN_POINT('',(9.537274047521,4.681595512207,-1.644506752953
    ));
#837 = CARTESIAN_POINT('',(6.984102807938,9.363435791349,-1.103872165209
    ));
#838 = CARTESIAN_POINT('',(1.875390924789,12.476630954647,
    -0.563266780563));
#839 = CARTESIAN_POINT('',(-4.67890666378,12.463507540166,
    -2.261860820521E-02));
#840 = CARTESIAN_POINT('',(-10.51730388875,8.631384920272,0.517994154939
    ));
#841 = CARTESIAN_POINT('',(-13.13686212748,2.157419297463,1.058612272325
    ));
#842 = CARTESIAN_POINT('',(-11.87101965447,-4.273371673827,
    1.599255734572));
#843 = CARTESIAN_POINT('',(-7.82098715166,-8.676646538324,2.139864740889
    ));
#844 = CARTESIAN_POINT('',(-2.731011324866,-10.26734554437,
    2.680496926562));
#845 = CARTESIAN_POINT('',(1.860628993688,-9.35401362016,3.221120759265)
  );
#846 = CARTESIAN_POINT('',(6.452269832257,-8.440684024934,3.761743247058
    ));
#847 = CARTESIAN_POINT('',(10.546050863958,-5.023189527193,
    4.302377834765));
#848 = CARTESIAN_POINT('',(12.602766608759,0.594714136699,4.842983219486
    ));
#849 = CARTESIAN_POINT('',(11.311215329863,7.020512483503,5.383631391723
    ));
#850 = CARTESIAN_POINT('',(6.413711076917,11.999116507357,5.924244155018
    ));
#851 = CARTESIAN_POINT('',(-0.446909572147,13.305332630627,6.46486227226
    ));
#852 = CARTESIAN_POINT('',(-6.507181082415,10.809227884637,7.00550573461
    ));
#853 = CARTESIAN_POINT('',(-10.03572610995,5.977979309359,7.546114740876
    ));
#854 = CARTESIAN_POINT('',(-10.60285525753,0.675475959543,8.086746926561
    ));
#855 = CARTESIAN_POINT('',(-8.811288161806,-3.649755058597,
    8.627370759269));
#856 = CARTESIAN_POINT('',(-7.019723248905,-7.97498704114,9.167993247041
    ));
#857 = CARTESIAN_POINT('',(-2.86923788983,-11.32338711614,9.708627834808
    ));
#858 = CARTESIAN_POINT('',(3.041964667179,-12.24458500981,
    10.249233219402));
#859 = CARTESIAN_POINT('',(9.09232394602,-9.724239457867,10.789881391848
    ));
#860 = CARTESIAN_POINT('',(13.019809807326,-3.949561913656,
    11.330494154874));
#861 = CARTESIAN_POINT('',(12.962486662853,3.034063957438,
    11.871112272386));
#862 = CARTESIAN_POINT('',(9.332043548867,8.49092317135,12.411755734528)
  );
#863 = CARTESIAN_POINT('',(3.905241074766,11.009138355246,
    12.952364740913));
#864 = CARTESIAN_POINT('',(-1.406017568106,10.530903189307,
    13.492996926552));
#865 = CARTESIAN_POINT('',(-5.298623083415,7.929949840831,
    14.033620759267));
#866 = CARTESIAN_POINT('',(-9.191229970445,5.3289984451,14.574243247043)
  );
#867 = CARTESIAN_POINT('',(-11.66557195169,0.605023049509,15.11487783481
    ));
#868 = CARTESIAN_POINT('',(-11.41585087576,-5.372314201565,
    15.65548321939));
#869 = CARTESIAN_POINT('',(-7.763566516936,-10.81472249816,
    16.196131391876));
#870 = CARTESIAN_POINT('',(-1.333633300974,-13.54015911815,
    16.736744154828));
#871 = CARTESIAN_POINT('',(5.50462096634,-12.12149960197,17.277362272445
    ));
#872 = CARTESIAN_POINT('',(10.148363844609,-7.496234013004,
    17.818005734468));
#873 = CARTESIAN_POINT('',(11.559475587505,-1.682426615785,
    18.358614740961));
#874 = CARTESIAN_POINT('',(10.054254417341,3.433478629154,
    18.899246926522));
#875 = CARTESIAN_POINT('',(6.74386799462,6.743867994616,19.439870759282)
  );
#876 = CARTESIAN_POINT('',(3.433483150612,10.054259127237,
    19.980493291382));
#877 = CARTESIAN_POINT('',(-1.682442191519,11.559455224776,
    20.521127644638));
#878 = CARTESIAN_POINT('',(-7.496209478021,10.148412445121,
    21.061733710647));
#879 = CARTESIAN_POINT('',(-12.1215158828,5.504543215814,21.60238046149)
  );
#880 = CARTESIAN_POINT('',(-13.54016985636,-1.333544825295,
    22.142995536655));
#881 = CARTESIAN_POINT('',(-10.81468753027,-7.763639997902,
    22.683610614086));
#882 = CARTESIAN_POINT('',(-5.372350940737,-11.41580709462,
    23.224257363139));
#883 = CARTESIAN_POINT('',(0.605044592845,-11.66558985613,
    23.764863430256));
#884 = CARTESIAN_POINT('',(5.328991700083,-9.191225502151,
    24.305497782987));
#885 = CARTESIAN_POINT('',(7.929950531291,-5.298623490054,
    24.846120315266));
#886 = CARTESIAN_POINT('',(10.530907332445,-1.406020375049,
    25.386744103526));
#887 = CARTESIAN_POINT('',(11.009117496849,3.905251502285,
    25.927376523986));
#888 = CARTESIAN_POINT('',(8.490972798874,9.332029621534,26.467984848355
    ));
#889 = CARTESIAN_POINT('',(3.03398765803,12.962487528528,27.008629733034
    ));
#890 = CARTESIAN_POINT('',(-3.949480204938,13.019836511617,
    27.549245537239));
#891 = CARTESIAN_POINT('',(-9.724302270744,9.092277287576,
    28.089861341519));
#892 = CARTESIAN_POINT('',(-12.24455097075,3.042006916972,
    28.630506226112));
#893 = CARTESIAN_POINT('',(-11.32339939795,-2.869260453316,
    29.171114550575));
#894 = CARTESIAN_POINT('',(-7.974984553113,-7.019717180375,
    29.71174697095));
#895 = CARTESIAN_POINT('',(-3.649755058596,-8.8112881618,30.252370759272
    ));
#896 = CARTESIAN_POINT('',(0.675473584657,-10.60286133918,30.79299329143
    ));
#897 = CARTESIAN_POINT('',(5.977985906955,-10.03570133672,
    31.333627644512));
#898 = CARTESIAN_POINT('',(10.809223815988,-6.50723537244,31.87423371089
    ));
#899 = CARTESIAN_POINT('',(13.305317918092,-0.446831509824,
    32.414880461137));
#900 = CARTESIAN_POINT('',(11.999160286655,6.413633445617,
    32.955495537058));
#901 = CARTESIAN_POINT('',(7.020452057117,11.311269835602,
    33.496110613723));
#902 = CARTESIAN_POINT('',(0.594764833839,12.602740219832,
    34.036757363398));
#903 = CARTESIAN_POINT('',(-5.023216282532,10.5460591612,34.57736343011)
  );
#904 = CARTESIAN_POINT('',(-8.440676083328,6.452268285293,
    35.117997783052));
#905 = CARTESIAN_POINT('',(-9.354014413707,1.860629105154,
    35.658620315244));
#906 = CARTESIAN_POINT('',(-10.26735044635,-2.731010317091,
    36.199244103499));
#907 = CARTESIAN_POINT('',(-8.676623276973,-7.820988803389,
    36.73987652415));
#908 = CARTESIAN_POINT('',(-4.273422853997,-11.87102577854,
    37.280484847975));
#909 = CARTESIAN_POINT('',(2.157490120963,-13.13683372945,37.82112973361
    ));
#910 = CARTESIAN_POINT('',(8.631319649821,-10.51735982798,38.36174553661
    ));
#911 = CARTESIAN_POINT('',(12.463547716774,-4.678839520346,
    38.902361342026));
#912 = CARTESIAN_POINT('',(12.476615674731,1.87533886538,39.443006225817
    ));
#913 = CARTESIAN_POINT('',(9.363438503642,6.984128353729,39.983614550687
    ));
#914 = CARTESIAN_POINT('',(4.681595535901,9.53726748883,40.524246970938)
  );
#915 = CARTESIAN_POINT('',(-3.382880781055E-12,9.537269580891,
    41.064870759255));
#916 = CARTESIAN_POINT('',(-4.681595512205,9.537274047467,
    41.605493247078));
#917 = CARTESIAN_POINT('',(-9.363435791333,6.98410280804,42.146127834734
    ));
#918 = CARTESIAN_POINT('',(-12.4766309547,1.87539092463,42.686733219516)
  );
#919 = CARTESIAN_POINT('',(-12.46350754008,-4.67890666358,
    43.227381391709));
#920 = CARTESIAN_POINT('',(-8.631384920353,-10.51730388895,
    43.767994155007));
#921 = CARTESIAN_POINT('',(-2.157419297424,-13.13686212733,
    44.308612272289));
#922 = CARTESIAN_POINT('',(4.273371673833,-11.87101965454,
    44.849255734578));
#923 = CARTESIAN_POINT('',(8.676646538295,-7.820987151643,45.3898647409)
  );
#924 = CARTESIAN_POINT('',(10.2673455444,-2.731011324862,45.930496926548
    ));
#925 = CARTESIAN_POINT('',(9.354013620141,1.860628993682,46.471120759275
    ));
#926 = CARTESIAN_POINT('',(8.440683990175,6.452269904446,47.011743291423
    ));
#927 = CARTESIAN_POINT('',(5.023189676323,10.546050554569,
    47.552377644511));
#928 = CARTESIAN_POINT('',(-0.59471452198,12.602767407742,
    48.092983710924));
#929 = CARTESIAN_POINT('',(-7.020511753789,11.311213816935,
    48.633630461041));
#930 = CARTESIAN_POINT('',(-11.99911759115,6.413713323701,49.17424553721
    ));
#931 = CARTESIAN_POINT('',(-13.30533132995,-0.446912268336,
    49.714860613561));
#932 = CARTESIAN_POINT('',(-10.80922916197,-6.50717843467,50.25550736352
    ));
#933 = CARTESIAN_POINT('',(-5.977978281436,-10.03572824066,
    50.796113430048));
#934 = CARTESIAN_POINT('',(-0.675476631201,-10.60285386531,
    51.336747783068));
#935 = CARTESIAN_POINT('',(3.649755406792,-8.811288883548,
    51.877370315247));
#936 = CARTESIAN_POINT('',(7.974986369466,-7.019721856642,
    52.417994103576));
#937 = CARTESIAN_POINT('',(11.3233881441,-2.869240020695,52.958626523876
    ));
#938 = CARTESIAN_POINT('',(12.244583732433,3.041967315292,
    53.499234848552));
#939 = CARTESIAN_POINT('',(9.724240758555,9.092321249232,54.039879732751
    ));
#940 = CARTESIAN_POINT('',(3.949560829869,13.019812054806,
    54.580495537562));
#941 = CARTESIAN_POINT('',(-3.034063227751,12.962485149343,
    55.121111341229));
#942 = CARTESIAN_POINT('',(-8.49092355661,9.332044348188,55.661756226315
    ));
#943 = CARTESIAN_POINT('',(-11.00913820612,3.905240765249,
    56.202364550467));
#944 = CARTESIAN_POINT('',(-10.53090322407,-1.406017495891,
    56.742996970992));
#945 = CARTESIAN_POINT('',(-7.92994984084,-5.298623083422,
    57.283620759261));
#946 = CARTESIAN_POINT('',(-5.328998445048,-9.191229970423,
    57.82424324708));
#947 = CARTESIAN_POINT('',(-0.605023049663,-11.66557195171,
    58.364877834708));
#948 = CARTESIAN_POINT('',(5.372314201872,-11.41585087581,
    58.905483219584));
#949 = CARTESIAN_POINT('',(10.814722497714,-7.763566516769,
    59.446131391601));
#950 = CARTESIAN_POINT('',(13.540159118665,-1.333633301265,
    59.986744155141));
#951 = CARTESIAN_POINT('',(12.121499601504,5.504620966688,60.52736227215
    ));
#952 = CARTESIAN_POINT('',(7.496234013364,10.148363844295,
    61.068005734708));
#953 = CARTESIAN_POINT('',(1.682426615541,11.559475587729,
    61.608614740792));
#954 = CARTESIAN_POINT('',(-3.43347862901,10.054254417213,
    62.149246926622));
#955 = CARTESIAN_POINT('',(-6.743867994686,6.743867994677,
    62.689870759234));
#956 = CARTESIAN_POINT('',(-10.05425908631,3.433483219422,
    63.230493247183));
#957 = CARTESIAN_POINT('',(-11.55945539963,-1.682442486825,
    63.771127834447));
#958 = CARTESIAN_POINT('',(-10.14841199415,-7.496208715001,
    64.311733220067));
#959 = CARTESIAN_POINT('',(-5.504544069066,-12.12151732816,
    64.852381390921));
#960 = CARTESIAN_POINT('',(1.333546091749,-13.5401677092,65.392994155867
    ));
#961 = CARTESIAN_POINT('',(7.763638478636,-10.8146901077,65.93361227157)
  );
#962 = CARTESIAN_POINT('',(11.415808586332,-5.372348408942,
    66.474255735033));
#963 = CARTESIAN_POINT('',(11.665588655791,0.605042555008,67.01486474069
    ));
#964 = CARTESIAN_POINT('',(9.191226286489,5.328993031832,67.555496926609
    ));
#965 = CARTESIAN_POINT('',(5.298623083412,7.929949840824,68.096120759273
    ));
#966 = CARTESIAN_POINT('',(1.40602108381,10.530908690755,68.636743291443
    ));
#967 = CARTESIAN_POINT('',(-3.905252378529,11.009115345223,
    69.177377644478));
#968 = CARTESIAN_POINT('',(-9.3320289671,8.490975624375,69.717983710928)
  );
#969 = CARTESIAN_POINT('',(-12.962487462,3.033984524827,70.258630461132)
  );
#970 = CARTESIAN_POINT('',(-13.01983760047,-3.949477233087,
    70.799245536999));
#971 = CARTESIAN_POINT('',(-9.092275314183,-9.724304704934,
    71.339860613833));
#972 = CARTESIAN_POINT('',(-3.042009241944,-12.24454923739,
    71.880507363285));
#973 = CARTESIAN_POINT('',(2.869262512316,-11.32340047366,
    72.421113430185));
#974 = CARTESIAN_POINT('',(7.019715761722,-7.974983974575,
    72.961747783018));
#975 = CARTESIAN_POINT('',(8.81128891835,-3.649755322732,73.502370315253
    ));
#976 = CARTESIAN_POINT('',(10.60285986872,0.675474014794,74.042994103495
    ));
#977 = CARTESIAN_POINT('',(10.035703617855,5.977985467427,
    74.583626524125));
#978 = CARTESIAN_POINT('',(6.507232473778,10.809223906269,
    75.124234848059));
#979 = CARTESIAN_POINT('',(0.446834569543,13.305318595236,75.66487973346
    ));
#980 = CARTESIAN_POINT('',(-6.41363614766,11.999158638109,76.20549553679
    ));
#981 = CARTESIAN_POINT('',(-11.31126783333,7.020454468272,
    76.746111341879));
#982 = CARTESIAN_POINT('',(-12.60274146626,0.594762214807,
    77.286756225889));
#983 = CARTESIAN_POINT('',(-10.54605850783,-5.023214052917,
    77.827364550684));
#984 = CARTESIAN_POINT('',(-6.452268575971,-8.440677587722,
    78.367996970909));
#985 = CARTESIAN_POINT('',(-1.860628993684,-9.354013620126,
    78.908620759282));
#986 = CARTESIAN_POINT('',(2.731010182075,-10.26735197257,
    79.449243291377));
#987 = CARTESIAN_POINT('',(7.820988789499,-8.676620953776,
    79.989877644651));
#988 = CARTESIAN_POINT('',(11.871026255384,-4.273425714761,
    80.530483710632));
#989 = CARTESIAN_POINT('',(13.136832468588,2.157492989956,
    81.071130461493));
#990 = CARTESIAN_POINT('',(10.517361971761,8.631317321197,81.61174553668
    ));
#991 = CARTESIAN_POINT('',(4.678836765136,12.463549210237,
    82.152360614036));
#992 = CARTESIAN_POINT('',(-1.87533605372,12.476614963168,
    82.693007363193));
#993 = CARTESIAN_POINT('',(-6.984130667788,9.363438709501,
    83.233613430217));
#994 = CARTESIAN_POINT('',(-9.537265956767,4.681595544289,
    83.774247783005));
#995 = CARTESIAN_POINT('',(-9.537270380892,-4.549022103451E-08,
    84.314870315261));
#996 = CARTESIAN_POINT('',(11.9,-5.773159728051E-15,-1.910774536907));
#997 = CARTESIAN_POINT('',(11.900003897707,5.84139976228,-1.370147154635
    ));
#998 = CARTESIAN_POINT('',(8.714327657703,11.683091778758,
    -0.829531246435));
#999 = CARTESIAN_POINT('',(2.3399730448,15.567569469579,-0.288887645728)
  );
#1000 = CARTESIAN_POINT('',(-5.838003152786,15.5511461592,0.251715380573
    ));
#1001 = CARTESIAN_POINT('',(-13.12287592944,10.769715333674,
    0.792351984402));
#1002 = CARTESIAN_POINT('',(-16.39129730764,2.691885272855,
    1.332983511069));
#1003 = CARTESIAN_POINT('',(-14.81193223025,-5.33204600822,
    1.873591003754));
#1004 = CARTESIAN_POINT('',(-9.758521560651,-10.82616467032,
    2.414231170172));
#1005 = CARTESIAN_POINT('',(-3.407584626782,-12.81094361103,
    2.954849356177));
#1006 = CARTESIAN_POINT('',(2.321574831993,-11.6713448368,3.495475463096
    ));
#1007 = CARTESIAN_POINT('',(8.050734496185,-10.53174809894,
    4.036102845356));
#1008 = CARTESIAN_POINT('',(13.158685435118,-6.267626158074,
    4.576718753583));
#1009 = CARTESIAN_POINT('',(15.724949082216,0.742071022049,
    5.117362354241));
#1010 = CARTESIAN_POINT('',(14.113397331344,8.759705670969,
    5.657965380614));
#1011 = CARTESIAN_POINT('',(8.00263218256,14.97179078079,6.19860198436)
  );
#1012 = CARTESIAN_POINT('',(-0.557622017889,16.601503890637,
    6.739233511101));
#1013 = CARTESIAN_POINT('',(-8.11925686775,13.487094533083,
    7.279841003736));
#1014 = CARTESIAN_POINT('',(-12.52193606555,7.458934353431,
    7.820481170177));
#1015 = CARTESIAN_POINT('',(-13.22957170391,0.842817729269,
    8.361099356179));
#1016 = CARTESIAN_POINT('',(-10.99416643688,-4.553932845144,
    8.901725463092));
#1017 = CARTESIAN_POINT('',(-8.758763127056,-9.950684018319,
    9.442352845368));
#1018 = CARTESIAN_POINT('',(-3.580063300005,-14.12859818965,
    9.98296875356));
#1019 = CARTESIAN_POINT('',(3.795597715458,-15.27802772029,
    10.523612354277));
#1020 = CARTESIAN_POINT('',(11.344777613045,-12.13327855894,
    11.064215380568));
#1021 = CARTESIAN_POINT('',(16.245348108342,-4.928012364533,
    11.60485198441));
#1022 = CARTESIAN_POINT('',(16.17372398963,3.785700207108,
    12.145483511057));
#1023 = CARTESIAN_POINT('',(11.643955356496,10.594449239268,
    12.686091003768));
#1024 = CARTESIAN_POINT('',(4.872704482082,13.736496480126,
    13.226731170159));
#1025 = CARTESIAN_POINT('',(-1.754338180928,13.13979477545,
    13.767349356184));
#1026 = CARTESIAN_POINT('',(-6.611285772934,9.8944883864,14.307975463093
    ));
#1027 = CARTESIAN_POINT('',(-11.46823433402,6.64918380014,
    14.848602845369));
#1028 = CARTESIAN_POINT('',(-14.55555683918,0.754920617093,
    15.389218753551));
#1029 = CARTESIAN_POINT('',(-14.24398032109,-6.703261717357,
    15.929862354305));
#1030 = CARTESIAN_POINT('',(-9.686884695955,-13.49387611353,
    16.470465380514));
#1031 = CARTESIAN_POINT('',(-1.664011794977,-16.89460581873,
    17.011101984486));
#1032 = CARTESIAN_POINT('',(6.868296060383,-15.12439694593,
    17.551733510971));
#1033 = CARTESIAN_POINT('',(12.662502867993,-9.353345505583,
    18.092341003846));
#1034 = CARTESIAN_POINT('',(14.423171038447,-2.099219310154,
    18.632981170103));
#1035 = CARTESIAN_POINT('',(12.545062902678,4.284075858706,
    19.173599356218));
#1036 = CARTESIAN_POINT('',(8.414570696103,8.414570696104,
    19.714225463078));
#1037 = CARTESIAN_POINT('',(4.284080012987,12.545066878261,
    20.254852803315));
#1038 = CARTESIAN_POINT('',(-2.099233002877,14.423153420119,
    20.79546893393));
#1039 = CARTESIAN_POINT('',(-9.353323747765,12.662545216454,
    21.336111888341));
#1040 = CARTESIAN_POINT('',(-15.1244113538,6.868228396384,
    21.876716262975));
#1041 = CARTESIAN_POINT('',(-16.89461503777,-1.663934492849,
    22.417350673898));
#1042 = CARTESIAN_POINT('',(-13.49384572644,-9.686948733928,
    22.957985083752));
#1043 = CARTESIAN_POINT('',(-6.703293878083,-14.2439420552,
    23.498589459297));
#1044 = CARTESIAN_POINT('',(0.754939329009,-14.5555724757,
    24.039232413062));
#1045 = CARTESIAN_POINT('',(6.649177827945,-11.46823047896,
    24.579848544041));
#1046 = CARTESIAN_POINT('',(9.894488944106,-6.611286197456,
    25.120475884128));
#1047 = CARTESIAN_POINT('',(13.139798378507,-1.754340723832,
    25.661102033197));
#1048 = CARTESIAN_POINT('',(13.736478307409,4.872713491067,
    26.201719996538));
#1049 = CARTESIAN_POINT('',(10.594492632107,11.643943139108,
    26.74236080967));
#1050 = CARTESIAN_POINT('',(3.785633760791,16.173724653739,
    27.282966953453));
#1051 = CARTESIAN_POINT('',(-4.927941040082,16.245371592862,
    27.823600673676));
#1052 = CARTESIAN_POINT('',(-12.13333312009,11.344736778846,
    28.364234393683));
#1053 = CARTESIAN_POINT('',(-15.27799820961,3.795634883405,
    28.904840537658));
#1054 = CARTESIAN_POINT('',(-14.12860872821,-3.580083025747,
    29.445481350636));
#1055 = CARTESIAN_POINT('',(-9.950682051476,-8.758757689923,
    29.986099314086));
#1056 = CARTESIAN_POINT('',(-4.553932845142,-10.99416643687,
    30.526725463089));
#1057 = CARTESIAN_POINT('',(0.842815412614,-13.22957696664,
    31.067352803275));
#1058 = CARTESIAN_POINT('',(7.458940261568,-12.52191454839,
    31.607968934017));
#1059 = CARTESIAN_POINT('',(13.487090637666,-8.119304318915,
    32.148611888204));
#1060 = CARTESIAN_POINT('',(16.60149130764,-0.557553990964,
    32.689216263147));
#1061 = CARTESIAN_POINT('',(14.971828880629,8.002564292803,
    33.229850673716));
#1062 = CARTESIAN_POINT('',(8.759653090378,14.11344486599,
    33.770485083919));
#1063 = CARTESIAN_POINT('',(0.742115378644,15.724926036553,
    34.311089459165));
#1064 = CARTESIAN_POINT('',(-6.267649429611,13.158692720649,
    34.851732413149));
#1065 = CARTESIAN_POINT('',(-10.53174110601,8.050733220009,
    35.392348543995));
#1066 = CARTESIAN_POINT('',(-11.67134551454,2.321575010787,
    35.932975884146));
#1067 = CARTESIAN_POINT('',(-12.81094791299,-3.407583656269,
    36.473602033201));
#1068 = CARTESIAN_POINT('',(-10.82614443311,-9.758522929586,
    37.014219996486));
#1069 = CARTESIAN_POINT('',(-5.332090773802,-14.81193754821,
    37.554860809778));
#1070 = CARTESIAN_POINT('',(2.691946915963,-16.39127249396,
    38.095466953306));
#1071 = CARTESIAN_POINT('',(10.769658425083,-13.12292492017,
    38.636100673833));
#1072 = CARTESIAN_POINT('',(15.551180940891,-5.837944547987,
    39.176734393547));
#1073 = CARTESIAN_POINT('',(15.567556428686,2.339927413297,
    39.717340537747));
#1074 = CARTESIAN_POINT('',(11.683093966419,8.714349914663,40.2579813506
    ));
#1075 = CARTESIAN_POINT('',(5.841400025862,11.899998121797,
    40.798599314084));
#1076 = CARTESIAN_POINT('',(-1.602168051007E-12,11.900000000019,
    41.339225463104));
#1077 = CARTESIAN_POINT('',(-5.84139976228,11.90000389766,
    41.879852845344));
#1078 = CARTESIAN_POINT('',(-11.68309177874,8.714327657791,
    42.420468753592));
#1079 = CARTESIAN_POINT('',(-15.56756946962,2.339973044667,
    42.961112354252));
#1080 = CARTESIAN_POINT('',(-15.55114615912,-5.838003152624,
    43.501715380575));
#1081 = CARTESIAN_POINT('',(-10.76971533374,-13.1228759296,
    44.042351984418));
#1082 = CARTESIAN_POINT('',(-2.691885272811,-16.39129730753,
    44.582983511044));
#1083 = CARTESIAN_POINT('',(5.332046008215,-14.8119322303,45.12359100378
    ));
#1084 = CARTESIAN_POINT('',(10.826164670304,-9.758521560641,
    45.664231170149));
#1085 = CARTESIAN_POINT('',(12.810943611055,-3.407584626779,
    46.204849356194));
#1086 = CARTESIAN_POINT('',(11.671344836786,2.32157483199,
    46.745475463086));
#1087 = CARTESIAN_POINT('',(10.531748076212,8.050734562477,
    47.286102803279));
#1088 = CARTESIAN_POINT('',(6.267626255644,13.158685150985,
    47.826718934027));
#1089 = CARTESIAN_POINT('',(-0.742071274155,15.724949815992,
    48.367361888152));
#1090 = CARTESIAN_POINT('',(-8.759705193453,14.113395941873,
    48.907966263254));
#1091 = CARTESIAN_POINT('',(-14.97179149003,8.002634246014,
    49.448600673572));
#1092 = CARTESIAN_POINT('',(-16.60150303944,-0.557624494087,
    49.98923508406));
#1093 = CARTESIAN_POINT('',(-13.48709536901,-8.11925443604,
    50.529839459061));
#1094 = CARTESIAN_POINT('',(-7.458933680722,-12.52193802241,
    51.070482413207));
#1095 = CARTESIAN_POINT('',(-0.842818168827,-13.22957042528,
    51.611098543973));
#1096 = CARTESIAN_POINT('',(4.553933073016,-10.99416709973,
    52.151725884148));
#1097 = CARTESIAN_POINT('',(9.950683578749,-8.758761848392,
    52.692352033145));
#1098 = CARTESIAN_POINT('',(14.128598862389,-3.580065256999,
    53.232969996648));
#1099 = CARTESIAN_POINT('',(15.278026884354,3.795600147479,
    53.773610809488));
#1100 = CARTESIAN_POINT('',(12.133279410101,11.344775136344,
    54.314216953695));
#1101 = CARTESIAN_POINT('',(4.928011655359,16.245350172378,
    54.854850673418));
#1102 = CARTESIAN_POINT('',(-3.785699729682,16.173722599679,
    55.395484393906));
#1103 = CARTESIAN_POINT('',(-10.59444949131,11.643956090546,
    55.936090537499));
#1104 = CARTESIAN_POINT('',(-13.73649638258,4.872704197847,
    56.476731350727));
#1105 = CARTESIAN_POINT('',(-13.13979479818,-1.754338114615,
    57.017349314046));
#1106 = CARTESIAN_POINT('',(-9.894488386409,-6.611285772939,
    57.557975463101));
#1107 = CARTESIAN_POINT('',(-6.649183800093,-11.46823433401,
    58.098602845337));
#1108 = CARTESIAN_POINT('',(-0.754920617223,-14.55555683919,
    58.639218753627));
#1109 = CARTESIAN_POINT('',(6.703261717606,-14.24398032115,
    59.179862354169));
#1110 = CARTESIAN_POINT('',(13.493876113182,-9.686884695769,
    59.720465380716));
#1111 = CARTESIAN_POINT('',(16.894605819117,-1.664011795288,
    60.261101984231));
#1112 = CARTESIAN_POINT('',(15.124396945597,6.868296060747,
    60.801733511245));
#1113 = CARTESIAN_POINT('',(9.353345505844,12.662502867669,61.3423410036
    ));
#1114 = CARTESIAN_POINT('',(2.099219309975,14.423171038674,
    61.882981170284));
#1115 = CARTESIAN_POINT('',(-4.284075858598,12.54506290255,
    62.423599356109));
#1116 = CARTESIAN_POINT('',(-8.414570696159,8.414570696159,
    62.964225463128));
#1117 = CARTESIAN_POINT('',(-12.5450668356,4.284080068533,
    63.504852845253));
#1118 = CARTESIAN_POINT('',(-14.42315360251,-2.099233241333,
    64.045468753798));
#1119 = CARTESIAN_POINT('',(-12.66254474592,-9.353323131567,
    64.586112353911));
#1120 = CARTESIAN_POINT('',(-6.868229286801,-15.12441252112,
    65.126715381016));
#1121 = CARTESIAN_POINT('',(1.66393581463,-16.89461330357,65.66735198396
    ));
#1122 = CARTESIAN_POINT('',(9.686947148133,-13.49384780822,
    66.20798351143));
#1123 = CARTESIAN_POINT('',(14.243943612349,-6.703291833115,
    66.748591003518));
#1124 = CARTESIAN_POINT('',(14.555571222636,0.754937682995,
    67.289231170287));
#1125 = CARTESIAN_POINT('',(11.468231297781,6.64917890364,
    67.829849356145));
#1126 = CARTESIAN_POINT('',(6.611285772931,9.894488386395,
    68.370475463092));
#1127 = CARTESIAN_POINT('',(1.754341479758,13.139799485077,
    68.911102803261));
#1128 = CARTESIAN_POINT('',(-4.872714474418,13.736476529089,
    69.451718934044));
#1129 = CARTESIAN_POINT('',(-11.64394227879,10.594495018648,
    69.992361888177));
#1130 = CARTESIAN_POINT('',(-16.17372491964,3.785631032512,
    70.532966263152));
#1131 = CARTESIAN_POINT('',(-16.24537223159,-4.927938346336,
    71.073600673747));
#1132 = CARTESIAN_POINT('',(-11.34473531629,-12.13333543821,
    71.614235083861));
#1133 = CARTESIAN_POINT('',(-3.795636723738,-15.27799646389,
    72.154839459229));
#1134 = CARTESIAN_POINT('',(3.580084703007,-14.12860987524,72.6954824131
    ));
#1135 = CARTESIAN_POINT('',(8.758756517489,-9.950681402422,
    73.236098544021));
#1136 = CARTESIAN_POINT('',(10.994167066708,-4.553933152717,
    73.776725884137));
#1137 = CARTESIAN_POINT('',(13.229575733874,0.842815938125,
    74.317352033212));
#1138 = CARTESIAN_POINT('',(12.52191648431,7.458939644153,74.85796999648
    ));
#1139 = CARTESIAN_POINT('',(8.119301810546,13.487091015533,
    75.398610809778));
#1140 = CARTESIAN_POINT('',(0.5575567185,16.601491579695,75.939216953308
    ));
#1141 = CARTESIAN_POINT('',(-8.002566810023,14.971827727893,
    76.479850673838));
#1142 = CARTESIAN_POINT('',(-14.11344287779,8.759654977789,
    77.020484393526));
#1143 = CARTESIAN_POINT('',(-15.72492738972,0.742113232591,
    77.561090537784));
#1144 = CARTESIAN_POINT('',(-13.15869192281,-6.267647560527,
    78.101731350556));
#1145 = CARTESIAN_POINT('',(-8.050733627896,-10.53174238266,
    78.642349314124));
#1146 = CARTESIAN_POINT('',(-2.321574831986,-11.67134483677,
    79.182975463077));
#1147 = CARTESIAN_POINT('',(3.407583381328,-12.81094922467,
    79.723602803319));
#1148 = CARTESIAN_POINT('',(9.75852315753,-10.82614241382,
    80.264218933924));
#1149 = CARTESIAN_POINT('',(14.811937666835,-5.332093307832,
    80.804861888347));
#1150 = CARTESIAN_POINT('',(16.391271695216,2.691949538131,
    81.345466262973));
#1151 = CARTESIAN_POINT('',(13.122926541617,10.769656181052,
    81.886100673889));
#1152 = CARTESIAN_POINT('',(5.837942309184,15.551182522692,
    82.426735083775));
#1153 = CARTESIAN_POINT('',(-2.339925044682,15.567555520186,
    82.967339459267));
#1154 = CARTESIAN_POINT('',(-8.714351903322,11.683094384277,
    83.507982413089));
#1155 = CARTESIAN_POINT('',(-11.89999679022,5.841399874877,
    84.048598544025));
#1156 = CARTESIAN_POINT('',(-11.90000069957,4.313390866706E-08,
    84.589225884133));
#1157 = CARTESIAN_POINT('',(11.9,4.996003610813E-15,7.105427357601E-15)
  );
#1158 = CARTESIAN_POINT('',(11.89999999577,5.841399659188,0.540627382272
    ));
#1159 = CARTESIAN_POINT('',(8.714339583963,11.68309257703,1.08124329047)
  );
#1160 = CARTESIAN_POINT('',(2.339948905,15.567562408233,1.621886891184)
  );
#1161 = CARTESIAN_POINT('',(-5.837972343503,15.5511631839,2.162489917469
    ));
#1162 = CARTESIAN_POINT('',(-13.12290110886,10.769686519716,
    2.703126521325));
#1163 = CARTESIAN_POINT('',(-16.39128368053,2.691916089908,3.24375804796
    ));
#1164 = CARTESIAN_POINT('',(-14.8119348509,-5.332068231079,
    3.784365540671));
#1165 = CARTESIAN_POINT('',(-9.758521827895,-10.82615420667,
    4.325005707074));
#1166 = CARTESIAN_POINT('',(-3.407584099566,-12.81094538138,
    4.865623893084));
#1167 = CARTESIAN_POINT('',(2.321574831992,-11.67134483679,
    5.406250000003));
#1168 = CARTESIAN_POINT('',(8.050733633847,-10.53174429211,
    5.946877382263));
#1169 = CARTESIAN_POINT('',(13.158688544744,-6.267637699397,
    6.487493290489));
#1170 = CARTESIAN_POINT('',(15.724937447112,0.742093320329,
    7.028136891153));
#1171 = CARTESIAN_POINT('',(14.113420039526,8.759678775145,
    7.568739917509));
#1172 = CARTESIAN_POINT('',(8.002599009962,14.971809854946,
    8.109376521285));
#1173 = CARTESIAN_POINT('',(-0.557589134422,16.601496537575,
    8.65000804799));
#1174 = CARTESIAN_POINT('',(-8.119279174894,13.48709276786,
    9.190615540655));
#1175 = CARTESIAN_POINT('',(-12.52192585508,7.458936656912,
    9.731255707078));
#1176 = CARTESIAN_POINT('',(-13.22957333738,0.842816866806,
    10.271873893087));
#1177 = CARTESIAN_POINT('',(-10.99416643688,-4.553932845145,
    10.812499999999));
#1178 = CARTESIAN_POINT('',(-8.758759561581,-9.950682429865,
    11.353127382276));
#1179 = CARTESIAN_POINT('',(-3.580074012963,-14.12860349114,
    11.893743290461));
#1180 = CARTESIAN_POINT('',(3.795617315496,-15.27801195856,
    12.434386891198));
#1181 = CARTESIAN_POINT('',(11.344755664005,-12.1333060779,
    12.974989917449));
#1182 = CARTESIAN_POINT('',(16.245360344517,-4.927976108186,
    13.515626521349));
#1183 = CARTESIAN_POINT('',(16.173723192955,3.785666521031,
    14.056258047934));
#1184 = CARTESIAN_POINT('',(11.643949273371,10.594470773356,
    14.596865540694));
#1185 = CARTESIAN_POINT('',(4.87270873323,13.73648691527,15.137505707058
    ));
#1186 = CARTESIAN_POINT('',(-1.754339345488,13.139796209271,
    15.678123893093));
#1187 = CARTESIAN_POINT('',(-6.611285772934,9.8944883864,16.21875));
#1188 = CARTESIAN_POINT('',(-11.46823208051,6.649180613069,
    16.759377382275));
#1189 = CARTESIAN_POINT('',(-14.55556412879,0.754930089938,
    17.299993290457));
#1190 = CARTESIAN_POINT('',(-14.24396103846,-6.703277865842,
    17.840636891215));
#1191 = CARTESIAN_POINT('',(-9.686915968149,-13.49385995488,
    18.381239917411));
#1192 = CARTESIAN_POINT('',(-1.663973848194,-16.89461074659,
    18.92187652141));
#1193 = CARTESIAN_POINT('',(6.86826286623,-15.12440273632,19.46250804786
    ));
#1194 = CARTESIAN_POINT('',(12.662522801473,-9.353335338324,
    20.003115540765));
#1195 = CARTESIAN_POINT('',(14.423162486794,-2.099225345573,
    20.543755707004));
#1196 = CARTESIAN_POINT('',(12.545064081718,4.284077280578,
    21.084373893126));
#1197 = CARTESIAN_POINT('',(8.414570696119,8.414570696121,
    21.624999999984));
#1198 = CARTESIAN_POINT('',(4.284077384898,12.545064007341,
    22.165627340222));
#1199 = CARTESIAN_POINT('',(-2.099225383351,14.423162584478,
    22.706243470836));
#1200 = CARTESIAN_POINT('',(-9.353335180495,12.662522723423,
    23.246886425252));
#1201 = CARTESIAN_POINT('',(-15.12440282541,6.868263035086,
    23.78749079987));
#1202 = CARTESIAN_POINT('',(-16.89461065762,-1.663973881994,
    24.328125210822));
#1203 = CARTESIAN_POINT('',(-13.49386005397,-9.686915855226,
    24.868759620641));
#1204 = CARTESIAN_POINT('',(-6.703277883697,-14.24396104797,
    25.409363996217));
#1205 = CARTESIAN_POINT('',(0.754930024101,-14.55556411843,
    25.950006949963));
#1206 = CARTESIAN_POINT('',(6.649180574544,-11.46823210767,
    26.490623080949));
#1207 = CARTESIAN_POINT('',(9.894488362436,-6.611285808799,
    27.031250421034));
#1208 = CARTESIAN_POINT('',(13.139796198925,-1.754339391471,
    27.571876570104));
#1209 = CARTESIAN_POINT('',(13.736486950014,4.87270867636,
    28.112494533444));
#1210 = CARTESIAN_POINT('',(10.594470771453,11.643949253252,
    28.653135346581));
#1211 = CARTESIAN_POINT('',(3.785666663197,16.173723144602,
    29.193741490349));
#1212 = CARTESIAN_POINT('',(-4.927976173367,16.245360413799,
    29.734375210598));
#1213 = CARTESIAN_POINT('',(-12.13330588788,11.344755646305,
    30.275008930573));
#1214 = CARTESIAN_POINT('',(-15.27801209102,3.795617431438,
    30.815615074575));
#1215 = CARTESIAN_POINT('',(-14.12860338646,-3.580074010478,
    31.356255887538));
#1216 = CARTESIAN_POINT('',(-9.950682538493,-8.758759493669,
    31.896873850994));
#1217 = CARTESIAN_POINT('',(-4.553932845144,-10.99416643688,
    32.437499999995));
#1218 = CARTESIAN_POINT('',(0.842816741971,-13.22957330859,
    32.978127340182));
#1219 = CARTESIAN_POINT('',(7.458936729183,-12.52192593086,
    33.518743470923));
#1220 = CARTESIAN_POINT('',(13.487092592205,-8.119279163203,
    34.059386425114));
#1221 = CARTESIAN_POINT('',(16.601496684465,-0.557589256309,
    34.599990800045));
#1222 = CARTESIAN_POINT('',(14.971809759853,8.002599007131,
    35.140625210637));
#1223 = CARTESIAN_POINT('',(8.759678909879,14.113419973121,
    35.681259620811));
#1224 = CARTESIAN_POINT('',(0.742093333196,15.724937462726,
    36.221863996083));
#1225 = CARTESIAN_POINT('',(-6.267637634609,13.158688560375,
    36.762506950051));
#1226 = CARTESIAN_POINT('',(-10.53174426691,8.050733673677,
    37.303123080903));
#1227 = CARTESIAN_POINT('',(-11.67134482838,2.321574874301,
    37.843750421053));
#1228 = CARTESIAN_POINT('',(-12.81094538941,-3.407584053123,
    38.384376570108));
#1229 = CARTESIAN_POINT('',(-10.82615426054,-9.758521788665,
    38.924994533391));
#1230 = CARTESIAN_POINT('',(-5.332068237001,-14.81193483154,
    39.46563534669));
#1231 = CARTESIAN_POINT('',(2.691915940032,-16.39128369033,
    40.006241490202));
#1232 = CARTESIAN_POINT('',(10.769686606476,-13.12290114786,
    40.546875210755));
#1233 = CARTESIAN_POINT('',(15.551163001553,-5.837972399915,
    41.087508930438));
#1234 = CARTESIAN_POINT('',(15.567562574988,2.339948848595,
    41.628115074664));
#1235 = CARTESIAN_POINT('',(11.683092481263,8.714339541601,
    42.168755887502));
#1236 = CARTESIAN_POINT('',(5.841399785536,11.899999974598,
    42.709373850992));
#1237 = CARTESIAN_POINT('',(4.577657697347E-13,11.9,43.25000000001));
#1238 = CARTESIAN_POINT('',(-5.841399659188,11.899999995769,
    43.790627382251));
#1239 = CARTESIAN_POINT('',(-11.68309257703,8.714339583967,
    44.331243290497));
#1240 = CARTESIAN_POINT('',(-15.56756240823,2.33994890499,
    44.871886891163));
#1241 = CARTESIAN_POINT('',(-15.55116318389,-5.837972343483,
    45.412489917472));
#1242 = CARTESIAN_POINT('',(-10.76968651972,-13.12290110889,
    45.953126521339));
#1243 = CARTESIAN_POINT('',(-2.6919160899,-16.39128368051,
    46.493758047935));
#1244 = CARTESIAN_POINT('',(5.332068231073,-14.81193485091,
    47.034365540698));
#1245 = CARTESIAN_POINT('',(10.826154206677,-9.758521827892,
    47.575005707051));
#1246 = CARTESIAN_POINT('',(12.81094538138,-3.407584099567,
    48.115623893102));
#1247 = CARTESIAN_POINT('',(11.671344836798,2.321574831993,
    48.656249999992));
#1248 = CARTESIAN_POINT('',(10.531744296099,8.050733635495,
    49.196877340186));
#1249 = CARTESIAN_POINT('',(6.267637682313,13.158688537674,
    49.737493470933));
#1250 = CARTESIAN_POINT('',(-0.74209327621,15.724937465377,
    50.278136425064));
#1251 = CARTESIAN_POINT('',(-8.759678858688,14.11342000493,
    50.818740800149));
#1252 = CARTESIAN_POINT('',(-14.97180973088,8.002599061347,
    51.359375210496));
#1253 = CARTESIAN_POINT('',(-16.60149668645,-0.557589196089,
    51.900009620949));
#1254 = CARTESIAN_POINT('',(-13.48709262165,-8.119279114334,
    52.44061399598));
#1255 = CARTESIAN_POINT('',(-7.458936774568,-12.52192590382,
    52.981256950108));
#1256 = CARTESIAN_POINT('',(-0.842816789929,-13.22957330554,
    53.521873080881));
#1257 = CARTESIAN_POINT('',(4.553932805291,-10.99416645339,
    54.062500421054));
#1258 = CARTESIAN_POINT('',(9.950682506744,-8.758759529739,
    54.603126570052));
#1259 = CARTESIAN_POINT('',(14.128603373484,-3.580074061699,
    55.143744533553));
#1260 = CARTESIAN_POINT('',(15.278012104796,3.795617376065,
    55.684385346399));
#1261 = CARTESIAN_POINT('',(12.133305928983,11.344755602315,
    56.224991490592));
#1262 = CARTESIAN_POINT('',(4.927976232298,16.245360395934,
    56.76562521034));
#1263 = CARTESIAN_POINT('',(-3.785666604609,16.173723158333,
    57.306258930797));
#1264 = CARTESIAN_POINT('',(-10.59447072921,11.643949291648,
    57.846865074416));
#1265 = CARTESIAN_POINT('',(-13.73648693236,4.872708726158,
    58.387505887629));
#1266 = CARTESIAN_POINT('',(-13.13979620528,-1.75433934384,
    58.928123850954));
#1267 = CARTESIAN_POINT('',(-9.8944883864,-6.611285772933,
    59.468750000008));
#1268 = CARTESIAN_POINT('',(-6.649180613068,-11.46823208051,
    60.009377382243));
#1269 = CARTESIAN_POINT('',(-0.754930089943,-14.55556412878,
    60.549993290533));
#1270 = CARTESIAN_POINT('',(6.70327786585,-14.24396103848,
    61.090636891079));
#1271 = CARTESIAN_POINT('',(13.493859954873,-9.686915968115,
    61.631239917614));
#1272 = CARTESIAN_POINT('',(16.894610746597,-1.663973848241,
    62.171876521151));
#1273 = CARTESIAN_POINT('',(15.124402736328,6.868262866277,
    62.712508048139));
#1274 = CARTESIAN_POINT('',(9.353335338314,12.662522801439,
    63.253115540516));
#1275 = CARTESIAN_POINT('',(2.099225345583,14.423162486811,
    63.793755707187));
#1276 = CARTESIAN_POINT('',(-4.284077280586,12.54506408171,
    64.334373893017));
#1277 = CARTESIAN_POINT('',(-8.414570696118,8.414570696122,
    64.875000000035));
#1278 = CARTESIAN_POINT('',(-12.54506400376,4.284077382489,
    65.415627382159));
#1279 = CARTESIAN_POINT('',(-14.4231625998,-2.099225373044,
    65.956243290705));
#1280 = CARTESIAN_POINT('',(-12.6625226838,-9.353335207095,
    66.496886890819));
#1281 = CARTESIAN_POINT('',(-6.86826311013,-15.12440277507,
    67.037489917918));
#1282 = CARTESIAN_POINT('',(1.663973993484,-16.89461073233,
    67.578126520875));
#1283 = CARTESIAN_POINT('',(9.686915721384,-13.49385996436,
    68.118758048328));
#1284 = CARTESIAN_POINT('',(14.243961179456,-6.703277971647,
    68.65936554043));
#1285 = CARTESIAN_POINT('',(14.555564012599,0.754930094855,
    69.200005707191));
#1286 = CARTESIAN_POINT('',(11.468232176844,6.649180528319,
    69.740623893052));
#1287 = CARTESIAN_POINT('',(6.611285772933,9.8944883864,70.281249999998)
  );
#1288 = CARTESIAN_POINT('',(1.754339462305,13.139796156683,
    70.821877340168));
#1289 = CARTESIAN_POINT('',(-4.872708789322,13.736487003682,
    71.362493470948));
#1290 = CARTESIAN_POINT('',(-11.64394910338,10.594470727646,
    71.903136425091));
#1291 = CARTESIAN_POINT('',(-16.17372331322,3.785666669195,
    72.443740800043));
#1292 = CARTESIAN_POINT('',(-16.24536025071,-4.927976123922,
    72.984375210675));
#1293 = CARTESIAN_POINT('',(-11.34475578318,-12.13330598651,
    73.525009620746));
#1294 = CARTESIAN_POINT('',(-3.795617331168,-15.27801197135,
    74.06561399615));
#1295 = CARTESIAN_POINT('',(3.580073946372,-14.12860349384,
    74.606256950001));
#1296 = CARTESIAN_POINT('',(8.758759529097,-9.950682464016,
    75.14687308093));
#1297 = CARTESIAN_POINT('',(10.994166420377,-4.553932884997,
    75.687500421043));
#1298 = CARTESIAN_POINT('',(13.229573336209,0.842816819687,
    76.228126570118));
#1299 = CARTESIAN_POINT('',(12.521925900279,7.458936607927,
    76.768744533388));
#1300 = CARTESIAN_POINT('',(8.119279176911,13.487092747714,
    77.309385346683));
#1301 = CARTESIAN_POINT('',(0.557589283345,16.601496517961,
    77.849991490214));
#1302 = CARTESIAN_POINT('',(-8.002599087456,14.971809910098,
    78.390625210749));
#1303 = CARTESIAN_POINT('',(-14.11341984967,8.759678794912,
    78.931258930427));
#1304 = CARTESIAN_POINT('',(-15.72493759966,0.742093408182,
    79.471865074694));
#1305 = CARTESIAN_POINT('',(-13.15868844254,-6.267637676535,
    80.012505887461));
#1306 = CARTESIAN_POINT('',(-8.050733753643,-10.53174424669,
    80.553123851031));
#1307 = CARTESIAN_POINT('',(-2.32157483199,-11.67134483679,
    81.093749999983));
#1308 = CARTESIAN_POINT('',(3.407583971508,-12.81094537749,
    81.634377340226));
#1309 = CARTESIAN_POINT('',(9.758521913568,-10.8261542669,
    82.174993470829));
#1310 = CARTESIAN_POINT('',(14.811934676342,-5.332068253871,
    82.715636425262));
#1311 = CARTESIAN_POINT('',(16.391283848373,2.691915999003,
    83.256240799863));
#1312 = CARTESIAN_POINT('',(13.122901016168,10.769686498407,
    83.796875210819));
#1313 = CARTESIAN_POINT('',(5.837972488591,15.551163145042,
    84.337509620658));
#1314 = CARTESIAN_POINT('',(-2.339948895425,15.567562426064,
    84.878113996189));
#1315 = CARTESIAN_POINT('',(-8.714339523467,11.683092604998,
    85.418756949988));
#1316 = CARTESIAN_POINT('',(-11.89999997882,5.841399703171,
    85.959373080934));
#1317 = CARTESIAN_POINT('',(-11.9,4.313545776125E-08,86.500000421039));
#1318 = DEFINITIONAL_REPRESENTATION('',(#1319),#1322);
#1319 = B_SPLINE_CURVE_WITH_KNOTS('',1,(#1320,#1321),.UNSPECIFIED.,.F.,
  .F.,(2,2),(0.,116.83643588658),.PIECEWISE_BEZIER_KNOTS.);
#1320 = CARTESIAN_POINT('',(6.28318530718,0.));
#1321 = CARTESIAN_POINT('',(6.28318530718,116.83643588658));
#1322 = ( GEOMETRIC_REPRESENTATION_CONTEXT(2) 
PARAMETRIC_REPRESENTATION_CONTEXT() REPRESENTATION_CONTEXT('2D SPACE',''
  ) );
#1323 = PCURVE('',#190,#1324);
#1324 = DEFINITIONAL_REPRESENTATION('',(#1325),#1329);
#1325 = LINE('',#1326,#1327);
#1326 = CARTESIAN_POINT('',(0.,0.));
#1327 = VECTOR('',#1328,1.);
#1328 = DIRECTION('',(0.,1.));
#1329 = ( GEOMETRIC_REPRESENTATION_CONTEXT(2) 
PARAMETRIC_REPRESENTATION_CONTEXT() REPRESENTATION_CONTEXT('2D SPACE',''
  ) );
#1330 = ORIENTED_EDGE('',*,*,#1331,.F.);
#1331 = EDGE_CURVE('',#24,#24,#1332,.T.);
#1332 = SURFACE_CURVE('',#1333,(#1341,#1348),.PCURVE_S1.);
#1333 = ( BOUNDED_CURVE() B_SPLINE_CURVE(6,(#1334,#1335,#1336,#1337,
#1338,#1339,#1340),.UNSPECIFIED.,.T.,.F.) B_SPLINE_CURVE_WITH_KNOTS((1,6
    ,6,1),(-6.28318530718,0.,6.28318530718,12.566370614359),
.UNSPECIFIED.) CURVE() GEOMETRIC_REPRESENTATION_ITEM() 
RATIONAL_B_SPLINE_CURVE((1.669078461068,1.03672962321,1.038346699848,
    0.853534330196,1.038346699848,1.03672962321,1.669078461068)) 
REPRESENTATION_ITEM('') );
#1334 = CARTESIAN_POINT('',(-11.9,4.313545776125E-08,86.500000421039));
#1335 = CARTESIAN_POINT('',(-11.89999930042,4.313700552316E-08,
    88.410774957946));
#1336 = CARTESIAN_POINT('',(-9.537268780848,-4.548666987514E-08,
    88.685128796726));
#1337 = CARTESIAN_POINT('',(-7.58851554084,-1.185844651364E-07,
    86.499998842514));
#1338 = CARTESIAN_POINT('',(-9.537270380892,-4.549022103451E-08,
    84.314870315261));
#1339 = CARTESIAN_POINT('',(-11.90000069957,4.313390866706E-08,
    84.589225884133));
#1340 = CARTESIAN_POINT('',(-11.9,4.313545776125E-08,86.500000421039));
#1341 = PCURVE('',#190,#1342);
#1342 = DEFINITIONAL_REPRESENTATION('',(#1343),#1347);
#1343 = LINE('',#1344,#1345);
#1344 = CARTESIAN_POINT('',(0.,116.83643588658));
#1345 = VECTOR('',#1346,1.);
#1346 = DIRECTION('',(1.,0.));
#1347 = ( GEOMETRIC_REPRESENTATION_CONTEXT(2) 
PARAMETRIC_REPRESENTATION_CONTEXT() REPRESENTATION_CONTEXT('2D SPACE',''
  ) );
#1348 = PCURVE('',#1349,#1354);
#1349 = PLANE('',#1350);
#1350 = AXIS2_PLACEMENT_3D('',#1351,#1352,#1353);
#1351 = CARTESIAN_POINT('',(-10.75018218672,6.820603871487E-12,
    86.500000000067));
#1352 = DIRECTION('',(3.75091049459E-08,1.,-8.250811520281E-13));
#1353 = DIRECTION('',(1.,-3.75091049459E-08,0.));
#1354 = DEFINITIONAL_REPRESENTATION('',(#1355),#1363);
#1355 = ( BOUNDED_CURVE() B_SPLINE_CURVE(6,(#1356,#1357,#1358,#1359,
#1360,#1361,#1362),.UNSPECIFIED.,.T.,.F.) B_SPLINE_CURVE_WITH_KNOTS((1,6
    ,6,1),(-6.28318530718,0.,6.28318530718,12.566370614359),
.UNSPECIFIED.) CURVE() GEOMETRIC_REPRESENTATION_ITEM() 
RATIONAL_B_SPLINE_CURVE((1.669078461068,1.03672962321,1.038346699848,
    0.853534330196,1.038346699848,1.03672962321,1.669078461068)) 
REPRESENTATION_ITEM('') );
#1356 = CARTESIAN_POINT('',(-1.14981781328,-4.209725545934E-07));
#1357 = CARTESIAN_POINT('',(-1.149817113705,-1.910774957879));
#1358 = CARTESIAN_POINT('',(1.212913405872,-2.185128796659));
#1359 = CARTESIAN_POINT('',(3.16166664588,1.157553015219E-06));
#1360 = CARTESIAN_POINT('',(1.212911805828,2.185129684805));
#1361 = CARTESIAN_POINT('',(-1.149818512855,1.910774115934));
#1362 = CARTESIAN_POINT('',(-1.14981781328,-4.209725545934E-07));
#1363 = ( GEOMETRIC_REPRESENTATION_CONTEXT(2) 
PARAMETRIC_REPRESENTATION_CONTEXT() REPRESENTATION_CONTEXT('2D SPACE',''
  ) );
#1364 = ORIENTED_EDGE('',*,*,#21,.F.);
#1365 = ORIENTED_EDGE('',*,*,#1366,.T.);
#1366 = EDGE_CURVE('',#22,#22,#1367,.T.);
#1367 = SURFACE_CURVE('',#1368,(#1376,#1383),.PCURVE_S1.);
#1368 = ( BOUNDED_CURVE() B_SPLINE_CURVE(6,(#1369,#1370,#1371,#1372,
#1373,#1374,#1375),.UNSPECIFIED.,.T.,.F.) B_SPLINE_CURVE_WITH_KNOTS((1,6
    ,6,1),(-6.28318530718,0.,6.28318530718,12.566370614359),
.UNSPECIFIED.) CURVE() GEOMETRIC_REPRESENTATION_ITEM() 
RATIONAL_B_SPLINE_CURVE((1.669078461068,1.03672962321,1.038346699848,
    0.853534330196,1.038346699848,1.03672962321,1.669078461068)) 
REPRESENTATION_ITEM('') );
#1369 = CARTESIAN_POINT('',(11.9,4.996003610813E-15,7.105427357601E-15)
  );
#1370 = CARTESIAN_POINT('',(11.9,3.441691376338E-15,1.910774536907));
#1371 = CARTESIAN_POINT('',(9.53726958087,-5.773159728051E-15,
    2.185129240732));
#1372 = CARTESIAN_POINT('',(7.58851554084,-6.106226635438E-15,
    -7.105427357601E-15));
#1373 = CARTESIAN_POINT('',(9.53726958087,-1.887379141863E-15,
    -2.185129240732));
#1374 = CARTESIAN_POINT('',(11.9,-5.773159728051E-15,-1.910774536907));
#1375 = CARTESIAN_POINT('',(11.9,4.996003610813E-15,7.105427357601E-15)
  );
#1376 = PCURVE('',#190,#1377);
#1377 = DEFINITIONAL_REPRESENTATION('',(#1378),#1382);
#1378 = LINE('',#1379,#1380);
#1379 = CARTESIAN_POINT('',(0.,0.));
#1380 = VECTOR('',#1381,1.);
#1381 = DIRECTION('',(1.,0.));
#1382 = ( GEOMETRIC_REPRESENTATION_CONTEXT(2) 
PARAMETRIC_REPRESENTATION_CONTEXT() REPRESENTATION_CONTEXT('2D SPACE',''
  ) );
#1383 = PCURVE('',#1384,#1389);
#1384 = PLANE('',#1385);
#1385 = AXIS2_PLACEMENT_3D('',#1386,#1387,#1388);
#1386 = CARTESIAN_POINT('',(10.75018218672,-1.758542341199E-16,
    -2.112102356512E-15));
#1387 = DIRECTION('',(3.380565351973E-15,-1.,9.437440094643E-16));
#1388 = DIRECTION('',(-1.,-3.380565351973E-15,0.));
#1389 = DEFINITIONAL_REPRESENTATION('',(#1390),#1398);
#1390 = ( BOUNDED_CURVE() B_SPLINE_CURVE(6,(#1391,#1392,#1393,#1394,
#1395,#1396,#1397),.UNSPECIFIED.,.T.,.F.) B_SPLINE_CURVE_WITH_KNOTS((1,6
    ,6,1),(-6.28318530718,0.,6.28318530718,12.566370614359),
.UNSPECIFIED.) CURVE() GEOMETRIC_REPRESENTATION_ITEM() 
RATIONAL_B_SPLINE_CURVE((1.669078461068,1.03672962321,1.038346699848,
    0.853534330196,1.038346699848,1.03672962321,1.669078461068)) 
REPRESENTATION_ITEM('') );
#1391 = CARTESIAN_POINT('',(-1.14981781328,-9.217529714113E-15));
#1392 = CARTESIAN_POINT('',(-1.14981781328,-1.910774536907));
#1393 = CARTESIAN_POINT('',(1.21291260585,-2.185129240732));
#1394 = CARTESIAN_POINT('',(3.16166664588,4.993325001089E-15));
#1395 = CARTESIAN_POINT('',(1.21291260585,2.185129240732));
#1396 = CARTESIAN_POINT('',(-1.14981781328,1.910774536907));
#1397 = CARTESIAN_POINT('',(-1.14981781328,-9.217529714113E-15));
#1398 = ( GEOMETRIC_REPRESENTATION_CONTEXT(2) 
PARAMETRIC_REPRESENTATION_CONTEXT() REPRESENTATION_CONTEXT('2D SPACE',''
  ) );
#1399 = ADVANCED_FACE('',(#1400),#1384,.T.);
#1400 = FACE_BOUND('',#1401,.T.);
#1401 = EDGE_LOOP('',(#1402));
#1402 = ORIENTED_EDGE('',*,*,#1366,.T.);
#1403 = ADVANCED_FACE('',(#1404),#1349,.F.);
#1404 = FACE_BOUND('',#1405,.F.);
#1405 = EDGE_LOOP('',(#1406));
#1406 = ORIENTED_EDGE('',*,*,#1331,.T.);
#1407 = ( GEOMETRIC_REPRESENTATION_CONTEXT(3) 
GLOBAL_UNCERTAINTY_ASSIGNED_CONTEXT((#1411)) 
GLOBAL_UNIT_ASSIGNED_CONTEXT((#1408,#1409,#1410)) REPRESENTATION_CONTEXT
('Context #1','3D Context with UNIT and UNCERTAINTY') );
#1408 = ( LENGTH_UNIT() NAMED_UNIT(*) SI_UNIT(.MILLI.,.METRE.) );
#1409 = ( NAMED_UNIT(*) PLANE_ANGLE_UNIT() SI_UNIT($,.RADIAN.) );
#1410 = ( NAMED_UNIT(*) SI_UNIT($,.STERADIAN.) SOLID_ANGLE_UNIT() );
#1411 = UNCERTAINTY_MEASURE_WITH_UNIT(LENGTH_MEASURE(1.E-05),#1408,
  'distance_accuracy_value','confusion accuracy');
#1412 = PRODUCT_RELATED_PRODUCT_CATEGORY('part',$,(#7));
ENDSEC;
END-ISO-10303-21;
